id,activity,TV 보기,간식 먹기,간편식 준비하기,귀가하기,기상 약 복용,기상하기,꿀잠소리,날씨 확인하기,낮잠 기상하기,낮잠자기,냉장고 정리하기,노래자랑,뉴스 시청,늦은 기상하기,도전 실버벨,듣는대화,마음그림터,마음세탁소,마음스트레칭,명언산책,무비순이,밥솥 열기,밥솥 정리하기,새벽 TV 시청,새벽 간식,새벽 화장실 이용,석식,설거지 하기,수면,순이 특별대화,순이극장,순이대화,순이인생,순이책방,순이체조,시낭독,시시콜콜,식사,식사 중 TV 시청,식후 약 복용,실내운동하기,실외운동하기,야식 먹기,영어교실,외출하기,요가명상,운동 후 귀가,음식 꺼내기,이른 기상하기,일반 약 복용,일어교실,전자렌지 청소하기,조식,주방 정리하기,중식,집 환기하기,취미활동,화장실 이용
0,null,0.09982702250168152,0.05301823056195617,0.02644884561909972,0.05808134418971472,0.0012129726955666573,0.05143612099051155,0.00021126236743720952,0.001174342252234621,0.01626446148973376,0.022623903230520114,0.019890800448129842,0.008115520813935287,0.00859403445727288,0.0030426701493689277,0.003154156840155305,0.004405711801952969,0.002253466492796137,0.00032000983247738917,0.001042365049295957,0.0012288330551535362,0.001224914469959407,0.006387389894066611,0.0019402729269237784,0.003929254119121827,0.0006154612502940739,0.0037796711089563865,0.007260202229663929,0.009970463781167413,0.06756387804278115,0.0036092268014526873,0.0010957850712498675,0.004142051809701015,0.001301455376131167,0.0016277427749732962,0.004656440237244976,0.0009182681488945684,0.0018731872063803892,0.0021518468392571805,0.016932770368083678,0.00344987874046741,0.04672417193357618,0.01800994986088484,0.0008417623958708709,0.0014695947481704246,0.07136628489300137,0.005661616019560394,0.00478958358736945,0.06663296817213636,0.004310659118224357,0.021263740272013637,0.0005227706012619184,0.005489043503154175,0.007976350101601802,0.04216925641469419,0.006558590316095837,0.020798814801175316,0.10462422839633116,0.04401437882911258
228,취미활동,0.0,0.0070921985815602835,0.0,0.09929078014184398,0.0,0.16312056737588654,0.0,0.0070921985815602835,0.02127659574468085,0.03546099290780142,0.0,0.0,0.0,0.014184397163120567,0.0,0.0,0.0,0.0,0.0,0.0,0.0070921985815602835,0.0,0.0,0.0,0.0,0.0,0.0,0.0,0.19148936170212766,0.0070921985815602835,0.0,0.0,0.0,0.0,0.0070921985815602835,0.0,0.0,0.0,0.0,0.0,0.0070921985815602835,0.0070921985815602835,0.0,0.0,0.09929078014184398,0.0,0.0,0.014184397163120567,0.0070921985815602835,0.0,0.0,0.0,0.0,0.0,0.0070921985815602835,0.014184397163120567,0.28368794326241137,0.0
230,실내활동,0.25,0.1527777777777778,0.175,0.11944444444444445,0.0,0.016666666666666666,0.0,0.0,0.005555555555555556,0.005555555555555556,0.0,0.0,0.002777777777777778,0.0,0.0,0.0,0.0,0.0,0.0,0.0,0.0,0.0,0.0,0.0,0.0,0.0,0.005555555555555556,0.0,0.016666666666666666,0.0,0.0,0.0,0.0,0.0,0.0,0.0,0.0,0.0,0.03333333333333333,0.0,0.019444444444444445,0.019444444444444445,0.0,0.0,0.1388888888888889,0.0,0.002777777777777778,0.0,0.0,0.0,0.0,0.008333333333333333,0.002777777777777778,0.0,0.0,0.0,0.025,0.0
232,일상활동,0.0,0.2664835164835165,0.06868131868131869,0.01098901098901099,0.0,0.0027472527472527475,0.0,0.0027472527472527475,0.0,0.0,0.06868131868131869,0.0,0.0,0.0,0.0,0.0,0.0,0.0,0.0,0.0,0.0,0.0,0.0,0.0,0.0027472527472527475,0.0,0.013736263736263736,0.0,0.0,0.0,0.0,0.0027472527472527475,0.0,0.0,0.0,0.0,0.0,0.0,0.0,0.0,0.0,0.0,0.0027472527472527475,0.0,0.01098901098901099,0.0,0.0,0.2967032967032967,0.0,0.0,0.0,0.008241758241758242,0.01098901098901099,0.0,0.0027472527472527475,0.22802197802197802,0.0,0.0
276,야외활동,0.02830188679245283,0.0440251572327044,0.06289308176100629,0.09119496855345911,0.0,0.050314465408805034,0.0,0.0,0.0,0.0031446540880503146,0.006289308176100629,0.0,0.0,0.006289308176100629,0.006289308176100629,0.0,0.0,0.0,0.0,0.0,0.0,0.009433962264150943,0.0,0.0,0.0,0.0,0.0031446540880503146,0.0031446540880503146,0.06289308176100629,0.0031446540880503146,0.0031446540880503146,0.0031446540880503146,0.0,0.0,0.0031446540880503146,0.0,0.0,0.0,0.0,0.0,0.0,0.0,0.0,0.0031446540880503146,0.09433962264150944,0.0031446540880503146,0.0,0.05345911949685535,0.006289308176100629,0.06918238993710692,0.0,0.0031446540880503146,0.009433962264150943,0.050314465408805034,0.0,0.11320754716981132,0.11320754716981132,0.09119496855345911
315,야외활동,0.1320754716981132,0.05345911949685535,0.0,0.20754716981132076,0.0,0.012578616352201259,0.0,0.0,0.0,0.0,0.025157232704402517,0.0,0.0031446540880503146,0.006289308176100629,0.0,0.006289308176100629,0.0,0.0,0.0,0.0,0.0,0.0,0.0,0.0,0.006289308176100629,0.0031446540880503146,0.0031446540880503146,0.009433962264150943,0.018867924528301886,0.0031446540880503146,0.0,0.012578616352201259,0.0,0.0,0.0,0.0,0.0031446540880503146,0.0,0.0220125786163522,0.0,0.0,0.0,0.006289308176100629,0.0,0.21069182389937108,0.0,0.0,0.13522012578616352,0.0031446540880503146,0.0031446540880503146,0.0,0.0,0.0,0.05345911949685535,0.0031446540880503146,0.009433962264150943,0.0220125786163522,0.025157232704402517
339,취미활동,0.07547169811320754,0.05660377358490566,0.05660377358490566,0.03773584905660377,0.0,0.07547169811320754,0.0,0.0,0.07547169811320754,0.11320754716981132,0.0,0.0,0.0,0.0,0.0,0.018867924528301886,0.0,0.0,0.0,0.0,0.0,0.0,0.0,0.0,0.0,0.0,0.0,0.0,0.11320754716981132,0.0,0.0,0.0,0.0,0.0,0.0,0.0,0.0,0.0,0.0,0.0,0.09433962264150944,0.0,0.0,0.0,0.03773584905660377,0.0,0.0,0.0,0.0,0.018867924528301886,0.0,0.0,0.0,0.0,0.0,0.0,0.22641509433962265,0.0
341,야외활동,0.14891518737672585,0.022682445759368838,0.011834319526627219,0.23865877712031558,0.0,0.0009861932938856016,0.0,0.0,0.0,0.0,0.0029585798816568047,0.0,0.0,0.0,0.0,0.0,0.0,0.0,0.0,0.0,0.0,0.04339250493096647,0.0009861932938856016,0.01282051282051282,0.0,0.01282051282051282,0.0029585798816568047,0.010848126232741617,0.0009861932938856016,0.0009861932938856016,0.0,0.0,0.0,0.0,0.0,0.0,0.0,0.0,0.0029585798816568047,0.0009861932938856016,0.0,0.006903353057199211,0.0,0.0,0.2406311637080868,0.0,0.0029585798816568047,0.004930966469428008,0.0,0.014792899408284023,0.0,0.0009861932938856016,0.0009861932938856016,0.15285996055226825,0.0019723865877712033,0.0,0.004930966469428008,0.05226824457593689
476,일상활동,0.0425,0.185,0.3125,0.0125,0.0,0.0,0.0,0.0,0.0,0.0,0.0075,0.0,0.0,0.0,0.0,0.0,0.0,0.0,0.0,0.0,0.0,0.0,0.0,0.0,0.0,0.0,0.05,0.0,0.0,0.0,0.0,0.0,0.0,0.0,0.0,0.0,0.0,0.0125,0.005,0.0,0.0,0.0,0.0,0.0,0.0125,0.0,0.0,0.0125,0.0,0.0,0.0,0.095,0.0125,0.0,0.0475,0.0275,0.165,0.0
477,취미활동,0.0,0.08311688311688312,0.0,0.025974025974025976,0.0,0.07272727272727272,0.005194805194805195,0.0,0.03636363636363636,0.04415584415584416,0.012987012987012988,0.0,0.0,0.02077922077922078,0.0025974025974025974,0.007792207792207792,0.0,0.0,0.0025974025974025974,0.0,0.0,0.0,0.0,0.0,0.007792207792207792,0.0,0.01038961038961039,0.0,0.11428571428571428,0.012987012987012988,0.0,0.005194805194805195,0.0,0.0,0.005194805194805195,0.0,0.0,0.0,0.0,0.0025974025974025974,0.05974025974025974,0.05714285714285714,0.0,0.0,0.07012987012987013,0.0,0.012987012987012988,0.11688311688311688,0.007792207792207792,0.01038961038961039,0.0,0.0,0.005194805194805195,0.0,0.0025974025974025974,0.0,0.18441558441558442,0.0
479,일상활동,0.0758082497212932,0.06465997770345597,0.03678929765886288,0.023411371237458192,0.0,0.028985507246376812,0.0,0.0,0.013377926421404682,0.013377926421404682,0.03678929765886288,0.0,0.0011148272017837235,0.006688963210702341,0.0,0.0,0.0,0.0,0.0,0.0,0.0,0.0,0.0,0.0,0.0,0.0,0.008918617614269788,0.0,0.04793756967670011,0.0,0.0,0.0,0.0,0.0,0.006688963210702341,0.0,0.0,0.006688963210702341,0.024526198439241916,0.0,0.11371237458193979,0.08918617614269789,0.0,0.005574136008918618,0.057971014492753624,0.0,0.0379041248606466,0.11259754738015608,0.006688963210702341,0.0,0.0,0.010033444816053512,0.016722408026755852,0.0,0.022296544035674472,0.0,0.12263099219620958,0.008918617614269788
486,일상활동,0.0755939524838013,0.0550755939524838,0.038876889848812095,0.01511879049676026,0.0,0.03779697624190065,0.0,0.0,0.020518358531317494,0.02267818574514039,0.020518358531317494,0.0064794816414686825,0.0032397408207343412,0.005399568034557235,0.028077753779697623,0.0,0.0010799136069114472,0.0064794816414686825,0.0032397408207343412,0.0010799136069114472,0.008639308855291577,0.0021598272138228943,0.0010799136069114472,0.0,0.0,0.0010799136069114472,0.011879049676025918,0.005399568034557235,0.047516198704103674,0.0,0.0010799136069114472,0.0,0.004319654427645789,0.004319654427645789,0.04535637149028078,0.0032397408207343412,0.005399568034557235,0.0,0.009719222462203024,0.017278617710583154,0.06047516198704104,0.016198704103671708,0.0,0.014038876889848811,0.028077753779697623,0.01511879049676026,0.004319654427645789,0.06695464362850972,0.0032397408207343412,0.02159827213822894,0.0021598272138228943,0.00755939524838013,0.016198704103671708,0.017278617710583154,0.0032397408207343412,0.004319654427645789,0.13606911447084233,0.0734341252699784
488,취미활동,0.14912280701754385,0.0,0.0,0.017543859649122806,0.0,0.11403508771929824,0.0,0.0,0.10526315789473684,0.13157894736842105,0.0,0.0,0.09649122807017543,0.0,0.0,0.02631578947368421,0.0,0.0,0.0,0.008771929824561403,0.0,0.0,0.0,0.008771929824561403,0.0,0.0,0.0,0.0,0.14035087719298245,0.0,0.0,0.008771929824561403,0.0,0.0,0.0,0.0,0.0,0.0,0.0,0.0,0.0,0.0,0.0,0.0,0.043859649122807015,0.0,0.0,0.0,0.0,0.0,0.0,0.0,0.0,0.0,0.0,0.0,0.14912280701754385,0.0
490,실내활동,0.25395033860045146,0.03837471783295711,0.07787810383747178,0.04401805869074492,0.0,0.03611738148984198,0.0,0.0,0.009029345372460496,0.014672686230248307,0.006772009029345372,0.002257336343115124,0.013544018058690745,0.0,0.0,0.0,0.0,0.0,0.0,0.0,0.0,0.0,0.0,0.007900677200902935,0.0,0.002257336343115124,0.012415349887133182,0.0,0.0417607223476298,0.0,0.0,0.0,0.0,0.0,0.013544018058690745,0.0,0.001128668171557562,0.002257336343115124,0.050790067720090294,0.0,0.0,0.0,0.001128668171557562,0.0,0.05304740406320542,0.0,0.0,0.020316027088036117,0.003386004514672686,0.0,0.0,0.009029345372460496,0.019187358916478554,0.0,0.006772009029345372,0.001128668171557562,0.09029345372460497,0.1670428893905192
492,취미활동,0.0,0.05472636815920398,0.05472636815920398,0.05970149253731343,0.004975124378109453,0.06467661691542288,0.0,0.0,0.04477611940298507,0.04477611940298507,0.0,0.01990049751243781,0.0,0.0,0.0,0.014925373134328358,0.0,0.0,0.0,0.0,0.0,0.0,0.0,0.0,0.0,0.0,0.0,0.0,0.08955223880597014,0.014925373134328358,0.0,0.024875621890547265,0.0,0.0,0.004975124378109453,0.0,0.0,0.0,0.0,0.0,0.15920398009950248,0.03482587064676617,0.0,0.0,0.0945273631840796,0.004975124378109453,0.014925373134328358,0.0,0.009950248756218905,0.01990049751243781,0.0,0.0,0.0,0.0,0.0,0.0,0.16417910447761194,0.0
494,실내활동,0.22551928783382788,0.0,0.002967359050445104,0.02967359050445104,0.0,0.06528189910979229,0.0,0.005934718100890208,0.01483679525222552,0.017804154302670624,0.0,0.0,0.02373887240356083,0.0,0.0,0.008902077151335312,0.0,0.0,0.0,0.0,0.0,0.0,0.0,0.008902077151335312,0.0,0.008902077151335312,0.0,0.0,0.06824925816023739,0.0,0.0,0.002967359050445104,0.0,0.0,0.0,0.0,0.0,0.0,0.002967359050445104,0.0,0.04451038575667656,0.06528189910979229,0.0,0.0,0.08902077151335312,0.0,0.008902077151335312,0.0,0.0,0.0,0.0,0.0,0.0,0.0,0.002967359050445104,0.04747774480712166,0.11869436201780416,0.13649851632047477
495,야외활동,0.10051282051282051,0.035897435897435895,0.024615384615384615,0.036923076923076927,0.0,0.015384615384615385,0.0,0.0,0.003076923076923077,0.003076923076923077,0.0020512820512820513,0.0,0.0010256410256410256,0.0,0.0,0.003076923076923077,0.0,0.0,0.0,0.0,0.0,0.0,0.0,0.0010256410256410256,0.011282051282051283,0.006153846153846154,0.003076923076923077,0.0071794871794871795,0.015384615384615385,0.005128205128205128,0.0,0.009230769230769232,0.0,0.0,0.0,0.0,0.0,0.0,0.003076923076923077,0.003076923076923077,0.2041025641025641,0.0071794871794871795,0.0,0.0,0.04205128205128205,0.0,0.003076923076923077,0.048205128205128206,0.0,0.05846153846153846,0.0,0.0041025641025641026,0.003076923076923077,0.15282051282051282,0.0041025641025641026,0.020512820512820513,0.06974358974358974,0.09230769230769231
496,취미활동,0.0,0.014084507042253521,0.014084507042253521,0.04225352112676056,0.0,0.08450704225352113,0.0,0.0,0.056338028169014086,0.056338028169014086,0.028169014084507043,0.0,0.0,0.014084507042253521,0.028169014084507043,0.0,0.0,0.0,0.0,0.0,0.0,0.0,0.0,0.0,0.0,0.0,0.0,0.0,0.11267605633802817,0.0,0.0,0.0,0.0,0.0,0.0,0.0,0.0,0.0,0.0,0.014084507042253521,0.056338028169014086,0.04225352112676056,0.0,0.0,0.04225352112676056,0.014084507042253521,0.028169014084507043,0.04225352112676056,0.014084507042253521,0.014084507042253521,0.0,0.014084507042253521,0.014084507042253521,0.0,0.014084507042253521,0.0,0.22535211267605634,0.014084507042253521
505,야외활동,0.09090909090909091,0.03878787878787879,0.044848484848484846,0.03515151515151515,0.0,0.03272727272727273,0.0,0.0012121212121212121,0.012121212121212121,0.012121212121212121,0.007272727272727273,0.0048484848484848485,0.007272727272727273,0.0048484848484848485,0.0,0.0,0.0024242424242424242,0.0,0.0,0.0012121212121212121,0.0012121212121212121,0.0,0.0,0.012121212121212121,0.0,0.0,0.012121212121212121,0.02181818181818182,0.04363636363636364,0.0,0.0,0.0,0.0,0.0,0.008484848484848486,0.0,0.0024242424242424242,0.0012121212121212121,0.02181818181818182,0.0012121212121212121,0.0993939393939394,0.09090909090909091,0.0012121212121212121,0.0,0.11636363636363636,0.0036363636363636364,0.012121212121212121,0.03272727272727273,0.0048484848484848485,0.008484848484848486,0.0,0.007272727272727273,0.0,0.10303030303030303,0.007272727272727273,0.013333333333333334,0.07393939393939394,0.0036363636363636364
511,야외활동,0.0,0.038461538461538464,0.10256410256410256,0.2512820512820513,0.002564102564102564,0.028205128205128206,0.0,0.0,0.007692307692307693,0.023076923076923078,0.002564102564102564,0.0,0.0,0.002564102564102564,0.0,0.0,0.0,0.0,0.0,0.0,0.0,0.0,0.0,0.0,0.0,0.0,0.005128205128205128,0.0,0.04358974358974359,0.005128205128205128,0.002564102564102564,0.0,0.002564102564102564,0.0,0.0,0.0,0.0,0.0,0.0,0.0,0.007692307692307693,0.020512820512820513,0.002564102564102564,0.0,0.28974358974358977,0.0,0.002564102564102564,0.005128205128205128,0.002564102564102564,0.02564102564102564,0.0,0.015384615384615385,0.0,0.0,0.002564102564102564,0.0,0.1076923076923077,0.0
512,실내활동,0.1680129240710824,0.14054927302100162,0.027463651050080775,0.07108239095315025,0.0,0.004846526655896607,0.0,0.0,0.004846526655896607,0.004846526655896607,0.04038772213247173,0.0,0.0,0.0,0.0,0.011308562197092083,0.0,0.0016155088852988692,0.0016155088852988692,0.0,0.0,0.0,0.0,0.0016155088852988692,0.0,0.0,0.008077544426494346,0.0,0.004846526655896607,0.0032310177705977385,0.0,0.004846526655896607,0.0,0.0,0.0,0.0,0.0,0.0016155088852988692,0.07108239095315025,0.0,0.009693053311793215,0.004846526655896607,0.004846526655896607,0.0,0.07269789983844911,0.0,0.0032310177705977385,0.19063004846526657,0.0,0.0,0.0,0.004846526655896607,0.008077544426494346,0.0,0.004846526655896607,0.0420032310177706,0.01938610662358643,0.0630048465266559
513,야외활동,0.0,0.0,0.0,0.13636363636363635,0.0,0.0,0.0,0.0,0.0,0.0,0.0,0.0,0.0,0.0,0.0,0.0,0.022727272727272728,0.0,0.0,0.0,0.0,0.0,0.0,0.0,0.0,0.022727272727272728,0.0,0.0,0.0,0.0,0.022727272727272728,0.0,0.0,0.0,0.045454545454545456,0.0,0.06818181818181818,0.0,0.0,0.0,0.0,0.0,0.0,0.0,0.13636363636363635,0.022727272727272728,0.0,0.0,0.0,0.29545454545454547,0.0,0.0,0.0,0.0,0.0,0.0,0.0,0.22727272727272727
518,실내활동,0.2,0.1,0.03333333333333333,0.11666666666666667,0.0,0.0,0.0,0.0,0.0,0.0,0.0,0.0,0.0,0.0,0.0,0.0,0.0,0.0,0.0,0.0,0.0,0.0,0.0,0.0,0.0,0.0,0.0,0.0,0.0,0.0,0.016666666666666666,0.0,0.0,0.0,0.0,0.0,0.0,0.0,0.0,0.0,0.0,0.0,0.0,0.0,0.11666666666666667,0.0,0.0,0.11666666666666667,0.0,0.11666666666666667,0.0,0.0,0.016666666666666666,0.0,0.016666666666666666,0.0,0.0,0.15
519,실내활동,0.2828282828282828,0.052525252525252523,0.00808080808080808,0.028282828282828285,0.0,0.01818181818181818,0.0,0.0,0.0,0.0,0.0,0.0,0.00404040404040404,0.0,0.0,0.0,0.0,0.0,0.0,0.0,0.0,0.0,0.0,0.00202020202020202,0.0,0.024242424242424242,0.00202020202020202,0.0,0.01818181818181818,0.0,0.0,0.0,0.0,0.0,0.0,0.0,0.0,0.0,0.030303030303030304,0.0,0.0,0.00202020202020202,0.00202020202020202,0.0,0.030303030303030304,0.0,0.0,0.06666666666666667,0.0,0.04242424242424243,0.0,0.0,0.0,0.0,0.00202020202020202,0.1111111111111111,0.03232323232323232,0.2404040404040404
520,일상활동,0.06220095693779904,0.06220095693779904,0.0,0.0,0.0,0.07177033492822966,0.0,0.004784688995215311,0.05741626794258373,0.06220095693779904,0.03827751196172249,0.0,0.004784688995215311,0.0,0.0,0.0,0.0,0.0,0.0,0.0,0.0,0.0,0.0,0.009569377990430622,0.0,0.03349282296650718,0.004784688995215311,0.0,0.07655502392344497,0.0,0.0,0.0,0.0,0.0,0.0,0.0,0.0,0.0,0.009569377990430622,0.023923444976076555,0.0,0.0,0.0,0.0,0.0,0.0,0.0,0.11961722488038277,0.0,0.004784688995215311,0.0,0.0,0.019138755980861243,0.0,0.004784688995215311,0.028708133971291867,0.16267942583732056,0.13875598086124402
527,취미활동,0.0,0.0,0.0,0.04477611940298507,0.0,0.22388059701492538,0.0,0.0,0.014925373134328358,0.08955223880597014,0.0,0.0,0.0,0.0,0.0,0.0,0.0,0.0,0.0,0.0,0.0,0.0,0.0,0.0,0.0,0.0,0.0,0.0,0.31343283582089554,0.0,0.0,0.0,0.0,0.0,0.0,0.0,0.0,0.0,0.0,0.0,0.0,0.0,0.0,0.0,0.04477611940298507,0.0,0.0,0.0,0.0,0.0,0.0,0.0,0.0,0.0,0.0,0.0,0.26865671641791045,0.0
534,실내활동,0.1528117359413203,0.11246943765281174,0.04523227383863081,0.05256723716381418,0.0024449877750611247,0.039119804400977995,0.0,0.0,0.007334963325183374,0.007334963325183374,0.018337408312958436,0.003667481662591687,0.014669926650366748,0.0,0.014669926650366748,0.0,0.0,0.0,0.0,0.0,0.0,0.0,0.0,0.0,0.0,0.0,0.003667481662591687,0.0,0.040342298288508556,0.0012224938875305623,0.0024449877750611247,0.0012224938875305623,0.0012224938875305623,0.0,0.02078239608801956,0.0,0.0012224938875305623,0.0012224938875305623,0.017114914425427872,0.003667481662591687,0.044009779951100246,0.009779951100244499,0.0012224938875305623,0.006112469437652812,0.06234718826405868,0.0012224938875305623,0.006112469437652812,0.10757946210268948,0.0,0.04645476772616137,0.0012224938875305623,0.008557457212713936,0.008557457212713936,0.0,0.008557457212713936,0.0,0.044009779951100246,0.07946210268948656
535,일상활동,0.003436426116838488,0.058419243986254296,0.0,0.03951890034364261,0.010309278350515464,0.03951890034364261,0.0,0.0,0.00859106529209622,0.010309278350515464,0.015463917525773196,0.0,0.0,0.00859106529209622,0.0,0.0,0.0,0.0,0.0,0.0,0.0,0.0,0.0,0.0,0.006872852233676976,0.0,0.010309278350515464,0.024054982817869417,0.06529209621993128,0.0,0.0,0.0,0.0,0.0,0.0,0.0,0.0,0.0,0.0,0.012027491408934709,0.17525773195876287,0.06872852233676977,0.0,0.0,0.027491408934707903,0.0,0.030927835051546393,0.0859106529209622,0.013745704467353952,0.04982817869415808,0.0,0.0,0.00859106529209622,0.10996563573883161,0.003436426116838488,0.001718213058419244,0.11168384879725086,0.0
536,실내활동,0.2961672473867596,0.0,0.0,0.03832752613240418,0.0,0.11498257839721254,0.0,0.0,0.006968641114982578,0.006968641114982578,0.0,0.0,0.05574912891986063,0.0,0.0,0.0,0.0,0.0,0.0,0.0,0.0,0.0,0.0,0.04878048780487805,0.0,0.0,0.0,0.0,0.1254355400696864,0.006968641114982578,0.0,0.006968641114982578,0.0,0.0,0.0,0.0,0.0,0.0,0.0,0.0,0.10452961672473868,0.0,0.0,0.0,0.03832752613240418,0.0,0.0,0.0,0.006968641114982578,0.0,0.0,0.0,0.0,0.0,0.0,0.0,0.14285714285714285,0.0
542,일상활동,0.10144927536231885,0.028985507246376812,0.014492753623188406,0.06086956521739131,0.002898550724637681,0.017391304347826087,0.0,0.0,0.0,0.008695652173913044,0.017391304347826087,0.0,0.0,0.005797101449275362,0.0,0.017391304347826087,0.008695652173913044,0.0,0.011594202898550725,0.002898550724637681,0.0,0.011594202898550725,0.0,0.0,0.0,0.0,0.008695652173913044,0.02608695652173913,0.04057971014492753,0.020289855072463767,0.0,0.028985507246376812,0.008695652173913044,0.002898550724637681,0.002898550724637681,0.0,0.002898550724637681,0.002898550724637681,0.011594202898550725,0.0,0.0,0.0,0.0,0.002898550724637681,0.06086956521739131,0.0,0.0,0.06956521739130435,0.005797101449275362,0.02608695652173913,0.0,0.0,0.005797101449275362,0.19130434782608696,0.0,0.04057971014492753,0.10434782608695652,0.02608695652173913
544,일상활동,0.0,0.09046849757673667,0.061389337641357025,0.0016155088852988692,0.0,0.030694668820678513,0.0032310177705977385,0.0,0.009693053311793215,0.012924071082390954,0.061389337641357025,0.15024232633279483,0.0,0.0,0.0016155088852988692,0.0,0.0,0.0,0.0,0.004846526655896607,0.0016155088852988692,0.0,0.0,0.0,0.0,0.0,0.012924071082390954,0.09208400646203554,0.045234248788368334,0.0,0.0016155088852988692,0.0,0.0016155088852988692,0.0,0.0032310177705977385,0.0032310177705977385,0.0016155088852988692,0.0,0.0,0.0,0.009693053311793215,0.0,0.0016155088852988692,0.004846526655896607,0.0016155088852988692,0.0032310177705977385,0.0,0.1147011308562197,0.006462035541195477,0.0,0.0,0.04361873990306947,0.011308562197092083,0.16155088852988692,0.012924071082390954,0.0,0.03715670436187399,0.0
546,야외활동,0.015625,0.08072916666666667,0.078125,0.16666666666666666,0.0,0.033854166666666664,0.0,0.0,0.0,0.0026041666666666665,0.0078125,0.057291666666666664,0.0,0.0,0.0,0.0,0.0,0.0,0.0,0.0,0.0,0.0,0.0,0.0,0.0,0.0,0.005208333333333333,0.0,0.033854166666666664,0.0,0.0,0.0,0.0,0.0,0.0026041666666666665,0.0026041666666666665,0.005208333333333333,0.0,0.0,0.0,0.09375,0.03125,0.0,0.0,0.16927083333333334,0.0,0.026041666666666668,0.0546875,0.0,0.005208333333333333,0.0,0.010416666666666666,0.0078125,0.0,0.0078125,0.0,0.08333333333333333,0.018229166666666668
547,취미활동,0.12429378531073447,0.011299435028248588,0.0,0.07344632768361582,0.0,0.06779661016949153,0.0,0.005649717514124294,0.03389830508474576,0.03954802259887006,0.0,0.0,0.011299435028248588,0.005649717514124294,0.0,0.03954802259887006,0.0,0.0,0.0,0.005649717514124294,0.0,0.0,0.0,0.0,0.0,0.0,0.0,0.0,0.07909604519774012,0.04519774011299435,0.0,0.06779661016949153,0.0,0.0,0.0,0.0,0.0,0.0,0.005649717514124294,0.0,0.096045197740113,0.011299435028248588,0.0,0.0,0.07344632768361582,0.0,0.005649717514124294,0.011299435028248588,0.0,0.0,0.0,0.0,0.0,0.0,0.0,0.022598870056497175,0.13559322033898305,0.02824858757062147
570,일상활동,0.1451310861423221,0.11423220973782772,0.0149812734082397,0.015917602996254682,0.0009363295880149813,0.015917602996254682,0.0,0.0,0.0056179775280898875,0.0056179775280898875,0.06460674157303371,0.0,0.0009363295880149813,0.0,0.0018726591760299626,0.0,0.0,0.0,0.0,0.0,0.0,0.0,0.0,0.003745318352059925,0.0,0.009363295880149813,0.006554307116104869,0.03277153558052434,0.015917602996254682,0.0,0.0,0.0,0.0,0.0,0.010299625468164793,0.0,0.0,0.0028089887640449437,0.025280898876404494,0.0056179775280898875,0.025280898876404494,0.0028089887640449437,0.0028089887640449437,0.0,0.017790262172284643,0.0,0.0009363295880149813,0.16853932584269662,0.0,0.017790262172284643,0.0,0.011235955056179775,0.0149812734082397,0.09925093632958802,0.006554307116104869,0.00749063670411985,0.03464419475655431,0.09176029962546817
580,취미활동,0.0,0.0,0.0,0.16666666666666666,0.0,0.06666666666666667,0.0,0.0,0.03333333333333333,0.0,0.0,0.0,0.0,0.0,0.0,0.0,0.0,0.0,0.0,0.0,0.0,0.0,0.0,0.0,0.0,0.0,0.0,0.0,0.13333333333333333,0.0,0.0,0.03333333333333333,0.0,0.0,0.0,0.0,0.0,0.0,0.0,0.0,0.0,0.0,0.0,0.0,0.16666666666666666,0.06666666666666667,0.0,0.0,0.03333333333333333,0.0,0.0,0.0,0.0,0.0,0.0,0.0,0.3,0.0
581,실내활동,0.16733466933867736,0.08617234468937876,0.12224448897795591,0.03406813627254509,0.0,0.0,0.0,0.0,0.0,0.0,0.027054108216432865,0.001002004008016032,0.0,0.0,0.008016032064128256,0.0,0.001002004008016032,0.001002004008016032,0.003006012024048096,0.0,0.0,0.0,0.0,0.0,0.0,0.002004008016032064,0.013026052104208416,0.0,0.0,0.004008016032064128,0.0,0.00501002004008016,0.0,0.0,0.04609218436873747,0.0,0.0,0.017034068136272545,0.041082164328657314,0.0,0.0,0.0,0.0,0.0,0.03406813627254509,0.0,0.0,0.11823647294589178,0.0,0.0,0.0,0.033066132264529056,0.023046092184368736,0.0,0.01903807615230461,0.15731462925851702,0.0,0.036072144288577156
582,취미활동,0.001876172607879925,0.028142589118198873,0.0,0.0075046904315197,0.001876172607879925,0.10131332082551595,0.0,0.0,0.009380863039399626,0.01125703564727955,0.005628517823639775,0.0,0.0,0.001876172607879925,0.0,0.0,0.0,0.0,0.0,0.0,0.0,0.0,0.0,0.0,0.0,0.009380863039399626,0.001876172607879925,0.0,0.11069418386491557,0.0,0.0,0.0,0.0,0.0,0.0,0.0,0.0,0.0,0.0,0.001876172607879925,0.1350844277673546,0.03377110694183865,0.0,0.0,0.016885553470919325,0.0,0.016885553470919325,0.043151969981238276,0.0075046904315197,0.04878048780487805,0.0,0.0,0.005628517823639775,0.0,0.00375234521575985,0.0,0.19136960600375236,0.2045028142589118
583,취미활동,0.0,0.00423728813559322,0.0,0.0,0.0,0.1016949152542373,0.0,0.0,0.0423728813559322,0.05508474576271186,0.0,0.0,0.0,0.012711864406779662,0.00423728813559322,0.0,0.0,0.0,0.0,0.0,0.0,0.0,0.0,0.0,0.0,0.0,0.0,0.0,0.1271186440677966,0.0,0.0,0.0,0.0,0.0,0.0,0.0,0.0,0.0,0.0,0.0,0.3008474576271186,0.0,0.0,0.0,0.0,0.0,0.0,0.00423728813559322,0.00423728813559322,0.0,0.0,0.0,0.0,0.0,0.0,0.0,0.3432203389830508,0.0
585,일상활동,0.0,0.12044198895027625,0.0033149171270718232,0.022099447513812154,0.0,0.041988950276243095,0.0,0.0,0.0066298342541436465,0.0066298342541436465,0.07513812154696133,0.0,0.0,0.0033149171270718232,0.0,0.0,0.0,0.0,0.0,0.0,0.0,0.0,0.0,0.0,0.0,0.0,0.017679558011049725,0.0,0.05082872928176796,0.0,0.0,0.0,0.0,0.0,0.0,0.0,0.0,0.0033149171270718232,0.0,0.026519337016574586,0.14585635359116023,0.020994475138121547,0.0,0.0,0.039779005524861875,0.0,0.0011049723756906078,0.2132596685082873,0.004419889502762431,0.02983425414364641,0.0,0.0033149171270718232,0.019889502762430938,0.0,0.020994475138121547,0.027624309392265192,0.09502762430939227,0.0
642,취미활동,0.003676470588235294,0.011029411764705883,0.022058823529411766,0.051470588235294115,0.0,0.05514705882352941,0.0,0.007352941176470588,0.03308823529411765,0.04779411764705882,0.0,0.003676470588235294,0.0,0.003676470588235294,0.011029411764705883,0.011029411764705883,0.007352941176470588,0.003676470588235294,0.003676470588235294,0.0,0.0,0.0,0.0,0.0,0.0,0.0,0.0,0.0,0.07720588235294118,0.011029411764705883,0.007352941176470588,0.007352941176470588,0.007352941176470588,0.007352941176470588,0.007352941176470588,0.0,0.007352941176470588,0.0,0.0,0.0,0.12867647058823528,0.08823529411764706,0.0,0.003676470588235294,0.08823529411764706,0.03308823529411765,0.04779411764705882,0.0,0.0,0.0,0.003676470588235294,0.0,0.007352941176470588,0.0,0.003676470588235294,0.025735294117647058,0.16176470588235295,0.0
644,실내활동,0.2512437810945274,0.06467661691542288,0.04477611940298507,0.017412935323383085,0.0,0.024875621890547265,0.0,0.0024875621890547263,0.007462686567164179,0.007462686567164179,0.02736318407960199,0.0,0.0024875621890547263,0.0024875621890547263,0.0,0.0,0.0,0.0,0.0,0.0,0.0,0.0,0.0,0.0,0.0,0.0,0.014925373134328358,0.022388059701492536,0.02736318407960199,0.0,0.0,0.0,0.0,0.0,0.0,0.0,0.0,0.0024875621890547263,0.09701492537313433,0.0,0.0024875621890547263,0.0,0.004975124378109453,0.0024875621890547263,0.017412935323383085,0.0,0.0,0.10945273631840796,0.0,0.007462686567164179,0.0,0.0024875621890547263,0.012437810945273632,0.11940298507462686,0.012437810945273632,0.009950248756218905,0.06716417910447761,0.014925373134328358
650,야외활동,0.21160409556313994,0.025597269624573378,0.0,0.13395904436860068,0.0,0.03754266211604096,0.0,0.0,0.0,0.0,0.004266211604095563,0.0,0.0034129692832764505,0.002559726962457338,0.0,0.0,0.0,0.0,0.0008532423208191126,0.0,0.0,0.0,0.0,0.0008532423208191126,0.0008532423208191126,0.0,0.002559726962457338,0.0,0.04607508532423208,0.0,0.0,0.0,0.0,0.0,0.0008532423208191126,0.0008532423208191126,0.0,0.0,0.015358361774744027,0.0008532423208191126,0.13225255972696245,0.04863481228668942,0.0017064846416382253,0.0,0.1757679180887372,0.0,0.011945392491467578,0.040955631399317405,0.005119453924914676,0.04778156996587031,0.0,0.0,0.0008532423208191126,0.0,0.0008532423208191126,0.008532423208191127,0.03754266211604096,0.0
654,일상활동,0.026578073089700997,0.07641196013289037,0.013289036544850499,0.05647840531561462,0.0,0.026578073089700997,0.0,0.0,0.0033222591362126247,0.0033222591362126247,0.009966777408637873,0.0,0.0,0.0,0.0,0.0,0.0,0.0,0.0,0.0,0.0,0.0,0.0,0.0,0.0,0.0033222591362126247,0.006644518272425249,0.029900332225913623,0.029900332225913623,0.0,0.0,0.0,0.0,0.0,0.0,0.0,0.0,0.0,0.0033222591362126247,0.013289036544850499,0.09302325581395349,0.046511627906976744,0.0,0.0,0.09966777408637874,0.0,0.006644518272425249,0.09634551495016612,0.0,0.046511627906976744,0.0,0.0033222591362126247,0.006644518272425249,0.2059800664451827,0.0033222591362126247,0.016611295681063124,0.059800664451827246,0.013289036544850499
655,일상활동,0.0,0.20652173913043478,0.2391304347826087,0.08695652173913043,0.0,0.0,0.0,0.0,0.0,0.0,0.010869565217391304,0.010869565217391304,0.0,0.0,0.010869565217391304,0.0,0.010869565217391304,0.0,0.010869565217391304,0.0,0.03260869565217391,0.0,0.0,0.0,0.0,0.0,0.0,0.0,0.0,0.0,0.010869565217391304,0.021739130434782608,0.010869565217391304,0.010869565217391304,0.06521739130434782,0.010869565217391304,0.0,0.0,0.0,0.0,0.0,0.0,0.0,0.010869565217391304,0.09782608695652174,0.09782608695652174,0.0,0.0,0.0,0.0,0.0,0.010869565217391304,0.03260869565217391,0.0,0.0,0.0,0.0,0.0
656,취미활동,0.0,0.0,0.0,0.16666666666666666,0.0,0.16666666666666666,0.0,0.0,0.0,0.0,0.0,0.027777777777777776,0.0,0.0,0.0,0.0,0.0,0.0,0.0,0.0,0.0,0.0,0.0,0.0,0.0,0.0,0.0,0.0,0.1388888888888889,0.0,0.0,0.0,0.0,0.0,0.0,0.0,0.0,0.0,0.0,0.0,0.0,0.0,0.0,0.027777777777777776,0.19444444444444445,0.0,0.0,0.0,0.0,0.0,0.0,0.0,0.0,0.0,0.0,0.0,0.2777777777777778,0.0
658,일상활동,0.0,0.21649484536082475,0.0,0.010309278350515464,0.0,0.041237113402061855,0.0,0.0,0.010309278350515464,0.010309278350515464,0.14432989690721648,0.0,0.0,0.0,0.0,0.0,0.0,0.0,0.0,0.0,0.0,0.0,0.0,0.0,0.0,0.0,0.010309278350515464,0.0,0.041237113402061855,0.0,0.0,0.0,0.0,0.0,0.0,0.0,0.0,0.010309278350515464,0.0,0.0,0.05154639175257732,0.030927835051546393,0.0,0.0,0.030927835051546393,0.0,0.010309278350515464,0.27835051546391754,0.0,0.0,0.0,0.0,0.020618556701030927,0.0,0.020618556701030927,0.0,0.061855670103092786,0.0
661,취미활동,0.0,0.026119402985074626,0.06529850746268656,0.08768656716417911,0.0,0.06716417910447761,0.0,0.0,0.029850746268656716,0.041044776119402986,0.0,0.013059701492537313,0.0,0.0,0.009328358208955223,0.0018656716417910447,0.014925373134328358,0.0018656716417910447,0.007462686567164179,0.007462686567164179,0.0,0.0,0.0,0.0,0.0,0.007462686567164179,0.0037313432835820895,0.0,0.08022388059701492,0.0018656716417910447,0.0037313432835820895,0.0018656716417910447,0.005597014925373134,0.0018656716417910447,0.016791044776119403,0.0,0.0018656716417910447,0.0018656716417910447,0.0,0.0,0.0,0.0,0.0,0.0,0.09701492537313433,0.007462686567164179,0.0,0.0,0.0018656716417910447,0.0,0.0,0.014925373134328358,0.014925373134328358,0.0,0.014925373134328358,0.0,0.19962686567164178,0.14925373134328357
662,취미활동,0.004807692307692308,0.09615384615384616,0.11057692307692307,0.0673076923076923,0.0,0.057692307692307696,0.0,0.0,0.028846153846153848,0.04326923076923077,0.0,0.019230769230769232,0.0,0.014423076923076924,0.0,0.0,0.0,0.0,0.0,0.0,0.0,0.0,0.0,0.0,0.0,0.0,0.004807692307692308,0.0,0.125,0.0,0.0,0.0,0.0,0.0,0.0,0.0,0.0,0.0,0.0,0.0,0.11538461538461539,0.0,0.0,0.0,0.0673076923076923,0.004807692307692308,0.0,0.0,0.028846153846153848,0.0,0.0,0.014423076923076924,0.004807692307692308,0.0,0.0,0.0,0.19230769230769232,0.0
665,야외활동,0.18358038768529075,0.01710376282782212,0.019384264538198404,0.06385404789053592,0.0011402508551881414,0.03192702394526796,0.0,0.0,0.0034207525655644243,0.0034207525655644243,0.0011402508551881414,0.0,0.018244013683010263,0.0,0.0,0.0034207525655644243,0.002280501710376283,0.002280501710376283,0.0011402508551881414,0.002280501710376283,0.0011402508551881414,0.0,0.0,0.0,0.0,0.0,0.002280501710376283,0.004561003420752566,0.03420752565564424,0.0034207525655644243,0.0,0.002280501710376283,0.0,0.0,0.004561003420752566,0.0011402508551881414,0.002280501710376283,0.0,0.011402508551881414,0.0011402508551881414,0.15279361459521096,0.07411630558722919,0.0,0.0,0.11744583808437856,0.0011402508551881414,0.01596351197263398,0.012542759407069556,0.0011402508551881414,0.05017103762827822,0.0,0.0034207525655644243,0.0034207525655644243,0.07297605473204105,0.005701254275940707,0.002280501710376283,0.052451539338654506,0.011402508551881414
668,취미활동,0.0,0.036818851251840944,0.011782032400589101,0.050073637702503684,0.0,0.06774668630338733,0.0,0.0,0.008836524300441826,0.008836524300441826,0.035346097201767304,0.0,0.0,0.0,0.0,0.0,0.0,0.0,0.0,0.0,0.0,0.0,0.0,0.0,0.0,0.004418262150220913,0.007363770250368188,0.026509572901325478,0.07658321060382917,0.0014727540500736377,0.0014727540500736377,0.0,0.0,0.0029455081001472753,0.0,0.0014727540500736377,0.0,0.0,0.0,0.0,0.17083946980854198,0.0,0.0029455081001472753,0.0,0.050073637702503684,0.0,0.0,0.07511045655375552,0.007363770250368188,0.0,0.0,0.004418262150220913,0.0,0.05891016200294551,0.011782032400589101,0.0014727540500736377,0.1487481590574374,0.12665684830633284
672,실내활동,0.1568627450980392,0.013725490196078431,0.01568627450980392,0.00392156862745098,0.0,0.03529411764705882,0.0,0.0,0.0058823529411764705,0.0058823529411764705,0.0,0.0,0.0,0.0,0.0,0.0,0.0,0.0,0.00196078431372549,0.0,0.0,0.0,0.0,0.0,0.0,0.029411764705882353,0.0,0.01568627450980392,0.0392156862745098,0.0,0.0,0.00196078431372549,0.0,0.0,0.0,0.0,0.0,0.0,0.0058823529411764705,0.00392156862745098,0.029411764705882353,0.0,0.0,0.0,0.00392156862745098,0.0,0.0,0.013725490196078431,0.00196078431372549,0.03725490196078431,0.0,0.0,0.00392156862745098,0.21176470588235294,0.00196078431372549,0.0196078431372549,0.08627450980392157,0.2549019607843137
673,야외활동,0.0,0.03296703296703297,0.047619047619047616,0.1391941391941392,0.003663003663003663,0.03663003663003663,0.0,0.0,0.02564102564102564,0.029304029304029304,0.007326007326007326,0.003663003663003663,0.0,0.007326007326007326,0.003663003663003663,0.0,0.003663003663003663,0.0,0.0,0.0,0.0,0.0,0.0,0.0,0.0,0.007326007326007326,0.01098901098901099,0.0,0.07326007326007326,0.0,0.0,0.0,0.0,0.0,0.007326007326007326,0.0,0.0,0.0,0.0,0.0,0.09157509157509157,0.029304029304029304,0.0,0.0,0.16483516483516483,0.003663003663003663,0.0,0.003663003663003663,0.007326007326007326,0.018315018315018316,0.0,0.018315018315018316,0.0,0.03296703296703297,0.007326007326007326,0.0,0.17582417582417584,0.007326007326007326
705,취미활동,0.0,0.0,0.0,0.09302325581395349,0.0,0.08970099667774087,0.0,0.0,0.013289036544850499,0.029900332225913623,0.0,0.0,0.0,0.0,0.006644518272425249,0.0,0.0,0.0,0.0,0.0,0.0,0.0,0.0,0.0,0.0,0.0,0.0,0.0,0.10299003322259136,0.0033222591362126247,0.0,0.0,0.0,0.0,0.0033222591362126247,0.0033222591362126247,0.0,0.0,0.0,0.0,0.1760797342192691,0.11295681063122924,0.0,0.0,0.16943521594684385,0.0,0.026578073089700997,0.0,0.0,0.0033222591362126247,0.0,0.0,0.0,0.0,0.0,0.006644518272425249,0.15946843853820597,0.0
720,실내활동,0.2708333333333333,0.020833333333333332,0.0,0.0,0.0,0.0,0.0,0.0,0.020833333333333332,0.0,0.020833333333333332,0.0625,0.0,0.0,0.020833333333333332,0.020833333333333332,0.020833333333333332,0.0,0.0,0.0,0.020833333333333332,0.020833333333333332,0.0625,0.0,0.0,0.020833333333333332,0.0,0.0,0.0,0.020833333333333332,0.0,0.0,0.0,0.0,0.0,0.0,0.0,0.0,0.041666666666666664,0.041666666666666664,0.0,0.0,0.0,0.020833333333333332,0.0,0.020833333333333332,0.0,0.0,0.0,0.0,0.0,0.020833333333333332,0.0,0.0,0.0,0.08333333333333333,0.0,0.16666666666666666
760,야외활동,0.0,0.0,0.0,0.16216216216216217,0.0,0.062370062370062374,0.0,0.0,0.010395010395010396,0.010395010395010396,0.0,0.0,0.0,0.0,0.0,0.0,0.0,0.0,0.0,0.0,0.0,0.0,0.0,0.0,0.0,0.0,0.0,0.0,0.06444906444906445,0.0,0.0,0.0,0.0,0.0,0.0,0.0,0.0,0.0,0.0,0.0,0.24116424116424118,0.11226611226611227,0.0,0.0,0.2203742203742204,0.0,0.02702702702702703,0.0,0.0,0.0,0.0,0.0,0.0,0.0,0.0,0.0,0.0893970893970894,0.0
768,실내활동,0.20175438596491227,0.15789473684210525,0.18421052631578946,0.0,0.0,0.0,0.0,0.0,0.008771929824561403,0.03508771929824561,0.0,0.0,0.0,0.0,0.0,0.0,0.0,0.0,0.0,0.0,0.0,0.0,0.0,0.0,0.0,0.03508771929824561,0.0,0.0,0.03508771929824561,0.0,0.0,0.0,0.0,0.0,0.0,0.0,0.0,0.0,0.017543859649122806,0.0,0.0,0.0,0.0,0.0,0.0,0.0,0.0,0.008771929824561403,0.0,0.06140350877192982,0.0,0.03508771929824561,0.0,0.008771929824561403,0.0,0.017543859649122806,0.0,0.19298245614035087
796,실내활동,0.14285714285714285,0.047619047619047616,0.017857142857142856,0.05357142857142857,0.0,0.047619047619047616,0.0,0.0,0.023809523809523808,0.047619047619047616,0.047619047619047616,0.0,0.023809523809523808,0.0,0.0,0.02976190476190476,0.0,0.0,0.0,0.005952380952380952,0.0,0.0,0.0,0.011904761904761904,0.0,0.0,0.0,0.005952380952380952,0.05952380952380952,0.017857142857142856,0.0,0.0,0.0,0.0,0.0,0.0,0.0,0.005952380952380952,0.03571428571428571,0.005952380952380952,0.0,0.0,0.0,0.0,0.05952380952380952,0.0,0.0,0.08928571428571429,0.0,0.02976190476190476,0.0,0.0,0.017857142857142856,0.02976190476190476,0.005952380952380952,0.0,0.11904761904761904,0.017857142857142856
797,일상활동,0.0,0.13988095238095238,0.10863095238095238,0.03720238095238095,0.001488095238095238,0.013392857142857142,0.0,0.001488095238095238,0.01488095238095238,0.01488095238095238,0.05505952380952381,0.026785714285714284,0.0,0.0,0.0,0.0,0.0,0.0,0.0,0.0,0.0,0.0,0.0,0.0,0.004464285714285714,0.010416666666666666,0.017857142857142856,0.0,0.01488095238095238,0.0,0.001488095238095238,0.0,0.0,0.0,0.002976190476190476,0.0,0.0,0.004464285714285714,0.0,0.00744047619047619,0.013392857142857142,0.010416666666666666,0.005952380952380952,0.001488095238095238,0.047619047619047616,0.0,0.001488095238095238,0.18452380952380953,0.0,0.019345238095238096,0.0,0.02976190476190476,0.005952380952380952,0.0,0.013392857142857142,0.10267857142857142,0.043154761904761904,0.043154761904761904
799,일상활동,0.041343669250646,0.09043927648578812,0.007751937984496124,0.002583979328165375,0.0,0.023255813953488372,0.0,0.0,0.031007751937984496,0.03617571059431524,0.09560723514211886,0.0,0.0,0.0,0.0,0.0,0.0,0.0,0.0,0.0,0.0,0.0,0.0,0.0,0.0,0.002583979328165375,0.007751937984496124,0.09560723514211886,0.031007751937984496,0.0,0.0,0.0,0.0,0.0,0.0,0.0,0.0,0.00516795865633075,0.023255813953488372,0.002583979328165375,0.012919896640826873,0.002583979328165375,0.0,0.0,0.002583979328165375,0.0,0.0,0.1834625322997416,0.0,0.002583979328165375,0.0,0.002583979328165375,0.0,0.18604651162790697,0.023255813953488372,0.002583979328165375,0.06718346253229975,0.01808785529715762
800,실내활동,0.1339421613394216,0.0471841704718417,0.0213089802130898,0.0426179604261796,0.0015220700152207,0.0563165905631659,0.0060882800608828,0.0030441400304414,0.0228310502283105,0.0258751902587519,0.0228310502283105,0.0,0.0121765601217656,0.0015220700152207,0.0045662100456621,0.0015220700152207,0.0,0.0,0.0,0.0,0.0,0.0,0.0,0.0030441400304414,0.0,0.0,0.0076103500761035,0.0,0.0669710806697108,0.0,0.0030441400304414,0.0,0.0,0.0,0.0289193302891933,0.0,0.0,0.0015220700152207,0.0273972602739726,0.0076103500761035,0.0213089802130898,0.015220700152207,0.0,0.0,0.0517503805175038,0.0030441400304414,0.0060882800608828,0.0898021308980213,0.0015220700152207,0.0410958904109589,0.0,0.0060882800608828,0.0030441400304414,0.0,0.0091324200913242,0.0350076103500761,0.0852359208523592,0.0821917808219178
801,일상활동,0.0,0.1388888888888889,0.0,0.0,0.0,0.05555555555555555,0.0,0.0,0.027777777777777776,0.05555555555555555,0.05555555555555555,0.0,0.0,0.0,0.0,0.0,0.0,0.0,0.0,0.0,0.0,0.0,0.0,0.0,0.0,0.027777777777777776,0.027777777777777776,0.0,0.08333333333333333,0.0,0.0,0.0,0.027777777777777776,0.0,0.0,0.0,0.0,0.0,0.0,0.0,0.0,0.0,0.0,0.0,0.0,0.0,0.0,0.19444444444444445,0.0,0.0,0.0,0.0,0.0,0.0,0.0,0.027777777777777776,0.19444444444444445,0.08333333333333333
802,실내활동,0.2119700748129676,0.0399002493765586,0.012468827930174564,0.06234413965087282,0.0,0.017456359102244388,0.0,0.0024937655860349127,0.007481296758104738,0.007481296758104738,0.00997506234413965,0.007481296758104738,0.0,0.0024937655860349127,0.004987531172069825,0.0,0.0024937655860349127,0.0,0.0,0.0024937655860349127,0.0,0.0,0.0,0.0024937655860349127,0.0,0.00997506234413965,0.007481296758104738,0.0,0.02743142144638404,0.0024937655860349127,0.0,0.0,0.004987531172069825,0.0,0.0024937655860349127,0.0,0.0,0.0,0.032418952618453865,0.0024937655860349127,0.0399002493765586,0.012468827930174564,0.0,0.0,0.07231920199501247,0.0,0.004987531172069825,0.08478802992518704,0.004987531172069825,0.004987531172069825,0.0024937655860349127,0.0024937655860349127,0.007481296758104738,0.0,0.007481296758104738,0.09975062344139651,0.08728179551122195,0.08478802992518704
803,일상활동,0.1276595744680851,0.0851063829787234,0.0,0.02127659574468085,0.0,0.06382978723404255,0.0,0.0,0.0,0.0,0.0425531914893617,0.0,0.0,0.0,0.0,0.0,0.0,0.0,0.0,0.0,0.0,0.0,0.0,0.0,0.0,0.0,0.02127659574468085,0.02127659574468085,0.0851063829787234,0.0,0.0,0.0,0.0,0.0,0.0,0.0,0.0,0.0,0.0851063829787234,0.0,0.0,0.0,0.0,0.0,0.02127659574468085,0.0,0.0,0.1276595744680851,0.02127659574468085,0.0,0.0,0.0,0.0,0.0851063829787234,0.0,0.02127659574468085,0.1276595744680851,0.0425531914893617
805,일상활동,0.0,0.09265536723163842,0.04519774011299435,0.003389830508474576,0.004519774011299435,0.04971751412429379,0.0,0.0,0.03502824858757062,0.04180790960451977,0.04519774011299435,0.0,0.0,0.0,0.0,0.0,0.0,0.0,0.0,0.0011299435028248588,0.0011299435028248588,0.0,0.0,0.0,0.007909604519774011,0.015819209039548022,0.004519774011299435,0.0192090395480226,0.05649717514124294,0.0,0.0,0.0,0.0,0.0,0.0,0.0,0.0,0.00903954802259887,0.0,0.0022598870056497176,0.0,0.0,0.0,0.0,0.003389830508474576,0.0022598870056497176,0.0,0.16610169491525423,0.003389830508474576,0.023728813559322035,0.0,0.015819209039548022,0.013559322033898305,0.10508474576271186,0.010169491525423728,0.01694915254237288,0.07909604519774012,0.12542372881355932
806,실내활동,0.21014492753623187,0.07427536231884058,0.043478260869565216,0.009057971014492754,0.0,0.036231884057971016,0.0,0.0,0.019927536231884056,0.02355072463768116,0.028985507246376812,0.0036231884057971015,0.009057971014492754,0.0,0.0036231884057971015,0.0,0.005434782608695652,0.0,0.0036231884057971015,0.0036231884057971015,0.010869565217391304,0.0,0.0,0.007246376811594203,0.0,0.014492753623188406,0.012681159420289856,0.0,0.036231884057971016,0.0,0.0036231884057971015,0.0,0.0,0.0,0.0,0.0,0.0,0.0,0.059782608695652176,0.005434782608695652,0.0,0.0,0.0036231884057971015,0.0036231884057971015,0.016304347826086956,0.0,0.0,0.07789855072463768,0.0,0.007246376811594203,0.0018115942028985507,0.018115942028985508,0.007246376811594203,0.0,0.005434782608695652,0.018115942028985508,0.08333333333333333,0.1322463768115942
807,일상활동,0.05572755417956656,0.12693498452012383,0.023993808049535603,0.009287925696594427,0.0,0.01393188854489164,0.0,0.0,0.01238390092879257,0.013157894736842105,0.07585139318885449,0.0030959752321981426,0.0,0.0,0.003869969040247678,0.020123839009287926,0.0030959752321981426,0.0,0.0,0.0007739938080495357,0.0015479876160990713,0.0,0.0,0.0,0.0046439628482972135,0.0007739938080495357,0.00696594427244582,0.06269349845201239,0.01393188854489164,0.008513931888544891,0.005417956656346749,0.010061919504643963,0.0030959752321981426,0.0007739938080495357,0.0007739938080495357,0.0,0.0023219814241486067,0.009287925696594427,0.02244582043343653,0.003869969040247678,0.0007739938080495357,0.0,0.0,0.0015479876160990713,0.009287925696594427,0.0,0.0,0.19195046439628483,0.0,0.0046439628482972135,0.0007739938080495357,0.010835913312693499,0.01393188854489164,0.16795665634674922,0.008513931888544891,0.018575851393188854,0.034055727554179564,0.01780185758513932
809,일상활동,0.0,0.08723404255319149,0.01276595744680851,0.0,0.0,0.05531914893617021,0.0,0.00851063829787234,0.014893617021276596,0.02127659574468085,0.0425531914893617,0.00425531914893617,0.0,0.0,0.0,0.04468085106382979,0.002127659574468085,0.0,0.0,0.002127659574468085,0.002127659574468085,0.0,0.0,0.0,0.0,0.006382978723404255,0.00851063829787234,0.0,0.07021276595744681,0.02127659574468085,0.002127659574468085,0.014893617021276596,0.0,0.0,0.0,0.0,0.0,0.00425531914893617,0.0,0.002127659574468085,0.0,0.0,0.006382978723404255,0.00425531914893617,0.0,0.002127659574468085,0.0,0.14468085106382977,0.00851063829787234,0.014893617021276596,0.002127659574468085,0.002127659574468085,0.01276595744680851,0.006382978723404255,0.006382978723404255,0.10851063829787234,0.14468085106382977,0.10851063829787234
811,실내활동,0.18464193270060397,0.08973252804141502,0.0,0.0,0.007765314926660914,0.04918032786885246,0.0,0.0,0.028472821397756688,0.030198446937014668,0.031061259706643658,0.0,0.025884383088869714,0.001725625539257981,0.0008628127696289905,0.0,0.0008628127696289905,0.0,0.0,0.0,0.0,0.0,0.0,0.0181190681622088,0.001725625539257981,0.0,0.001725625539257981,0.008628127696289905,0.062122519413287315,0.0,0.0,0.0,0.0,0.0,0.0,0.0,0.0,0.004314063848144953,0.04745470232959448,0.01898188093183779,0.003451251078515962,0.0,0.0025884383088869713,0.0,0.0,0.0,0.0,0.14150129421915444,0.011216566005176877,0.10181190681622088,0.0,0.0,0.010353753235547885,0.015530629853321829,0.007765314926660914,0.0,0.09232096635030199,0.0
812,실내활동,0.22093023255813954,0.029069767441860465,0.0,0.011627906976744186,0.0,0.08139534883720931,0.0,0.0,0.005813953488372093,0.005813953488372093,0.0,0.011627906976744186,0.023255813953488372,0.0,0.005813953488372093,0.0,0.005813953488372093,0.0,0.0,0.0,0.023255813953488372,0.0,0.0,0.005813953488372093,0.0,0.0,0.0,0.0,0.0755813953488372,0.005813953488372093,0.0,0.005813953488372093,0.005813953488372093,0.023255813953488372,0.005813953488372093,0.0,0.005813953488372093,0.0,0.029069767441860465,0.005813953488372093,0.023255813953488372,0.029069767441860465,0.0,0.029069767441860465,0.029069767441860465,0.01744186046511628,0.011627906976744186,0.029069767441860465,0.0,0.11046511627906977,0.01744186046511628,0.0,0.0,0.005813953488372093,0.0,0.0,0.10465116279069768,0.0
813,일상활동,0.0875,0.09479166666666666,0.06666666666666667,0.0010416666666666667,0.0010416666666666667,0.017708333333333333,0.0,0.0010416666666666667,0.004166666666666667,0.004166666666666667,0.04791666666666667,0.0,0.0010416666666666667,0.003125,0.0,0.0010416666666666667,0.0,0.0,0.0,0.0,0.0,0.0,0.0,0.0,0.0,0.003125,0.016666666666666666,0.023958333333333335,0.027083333333333334,0.0,0.0,0.0,0.0,0.0010416666666666667,0.0,0.0,0.0,0.004166666666666667,0.019791666666666666,0.0,0.0,0.0,0.0,0.0,0.0010416666666666667,0.0,0.0,0.165625,0.005208333333333333,0.00625,0.0,0.022916666666666665,0.016666666666666666,0.10104166666666667,0.016666666666666666,0.010416666666666666,0.08229166666666667,0.14479166666666668
1001,야외활동,0.10344827586206896,0.029556650246305417,0.009852216748768473,0.08374384236453201,0.0,0.034482758620689655,0.0,0.0,0.024630541871921183,0.024630541871921183,0.0,0.009852216748768473,0.0,0.0,0.0,0.0,0.0,0.0,0.0049261083743842365,0.0,0.0,0.0,0.0,0.0,0.0,0.0,0.0049261083743842365,0.014778325123152709,0.04433497536945813,0.0,0.0,0.009852216748768473,0.0,0.0049261083743842365,0.009852216748768473,0.0049261083743842365,0.009852216748768473,0.0,0.029556650246305417,0.0,0.0,0.0,0.0,0.0,0.08866995073891626,0.009852216748768473,0.0,0.034482758620689655,0.0,0.014778325123152709,0.0049261083743842365,0.0,0.0,0.21674876847290642,0.009852216748768473,0.009852216748768473,0.15270935960591134,0.0
1002,일상활동,0.0,0.10658307210031348,0.0,0.06583072100313479,0.006269592476489028,0.08463949843260188,0.0,0.0,0.009404388714733543,0.01567398119122257,0.06583072100313479,0.03134796238244514,0.0,0.0,0.0,0.0,0.0,0.0,0.0,0.0,0.0,0.0,0.0,0.0,0.0,0.0,0.01567398119122257,0.009404388714733543,0.09404388714733543,0.0,0.006269592476489028,0.0,0.006269592476489028,0.0,0.003134796238244514,0.0,0.0,0.003134796238244514,0.003134796238244514,0.01567398119122257,0.003134796238244514,0.0,0.0,0.0,0.06583072100313479,0.0,0.0,0.16300940438871472,0.0,0.0219435736677116,0.0,0.0,0.025078369905956112,0.01567398119122257,0.012539184952978056,0.009404388714733543,0.13793103448275862,0.003134796238244514
1003,실내활동,0.25886524822695034,0.010638297872340425,0.02127659574468085,0.07092198581560284,0.0,0.0425531914893617,0.0,0.0,0.0,0.0,0.0035460992907801418,0.0,0.03546099290780142,0.010638297872340425,0.0,0.0,0.0,0.0,0.0,0.0,0.0,0.0,0.0,0.0035460992907801418,0.0,0.0,0.0070921985815602835,0.0,0.0673758865248227,0.0,0.0,0.0,0.0,0.0,0.0,0.0,0.0,0.0,0.0070921985815602835,0.0,0.031914893617021274,0.0,0.0070921985815602835,0.0,0.07092198581560284,0.0,0.0,0.024822695035460994,0.010638297872340425,0.05319148936170213,0.0,0.0,0.0035460992907801418,0.0,0.014184397163120567,0.0035460992907801418,0.24113475177304963,0.0
1004,실내활동,0.14745308310991956,0.04825737265415549,0.002680965147453083,0.0160857908847185,0.0,0.05361930294906166,0.0,0.013404825737265416,0.02680965147453083,0.029490616621983913,0.01876675603217158,0.005361930294906166,0.00804289544235925,0.00804289544235925,0.0,0.002680965147453083,0.0,0.0,0.0,0.0,0.0,0.0,0.0,0.0,0.0,0.03753351206434316,0.010723860589812333,0.005361930294906166,0.06702412868632708,0.002680965147453083,0.0,0.002680965147453083,0.0,0.0,0.005361930294906166,0.0,0.0,0.002680965147453083,0.021447721179624665,0.0,0.0,0.0,0.0,0.0,0.0160857908847185,0.0,0.0,0.07506702412868632,0.005361930294906166,0.002680965147453083,0.0,0.0,0.002680965147453083,0.029490616621983913,0.005361930294906166,0.06970509383378017,0.03753351206434316,0.21983914209115282
1008,일상활동,0.0752851711026616,0.06539923954372624,0.01596958174904943,0.016730038022813688,0.003041825095057034,0.07452471482889733,0.0,0.0,0.02053231939163498,0.023574144486692015,0.05855513307984791,0.0007604562737642585,0.029657794676806085,0.0038022813688212928,0.0022813688212927757,0.0,0.0,0.0,0.0,0.0,0.0,0.0,0.0,0.01064638783269962,0.0038022813688212928,0.0,0.018250950570342206,0.05627376425855513,0.08745247148288973,0.0,0.0007604562737642585,0.0007604562737642585,0.0,0.0,0.0,0.0,0.0,0.01064638783269962,0.03269961977186312,0.013688212927756654,0.0,0.0,0.00532319391634981,0.0,0.019011406844106463,0.0,0.0,0.13840304182509505,0.00532319391634981,0.022053231939163497,0.0,0.0045627376425855515,0.013688212927756654,0.09125475285171103,0.009125475285171103,0.001520912547528517,0.0623574144486692,0.0022813688212927757
1009,일상활동,0.03773584905660377,0.09433962264150944,0.03773584905660377,0.018867924528301886,0.0,0.07547169811320754,0.0,0.0,0.0,0.05660377358490566,0.03773584905660377,0.0,0.018867924528301886,0.0,0.0,0.0,0.0,0.0,0.0,0.0,0.0,0.0,0.0,0.0,0.0,0.0,0.018867924528301886,0.0,0.1509433962264151,0.0,0.0,0.0,0.0,0.0,0.0,0.0,0.0,0.0,0.0,0.018867924528301886,0.0,0.0,0.0,0.0,0.018867924528301886,0.018867924528301886,0.0,0.1320754716981132,0.0,0.0,0.0,0.05660377358490566,0.018867924528301886,0.0,0.018867924528301886,0.018867924528301886,0.07547169811320754,0.07547169811320754
1012,실내활동,0.16798418972332016,0.05533596837944664,0.0,0.009881422924901186,0.0,0.0,0.0,0.0,0.0,0.0,0.025691699604743084,0.0,0.0,0.0,0.0,0.0,0.001976284584980237,0.0,0.0,0.0,0.0,0.0,0.0,0.01383399209486166,0.0,0.019762845849802372,0.011857707509881422,0.03557312252964427,0.0,0.0,0.0,0.0,0.0,0.0,0.0,0.0,0.001976284584980237,0.001976284584980237,0.041501976284584984,0.007905138339920948,0.0,0.0,0.0,0.0,0.009881422924901186,0.001976284584980237,0.0,0.12845849802371542,0.0,0.045454545454545456,0.0,0.0,0.019762845849802372,0.18379446640316205,0.007905138339920948,0.011857707509881422,0.0,0.1956521739130435
1013,야외활동,0.017266187050359712,0.02158273381294964,0.010071942446043165,0.17841726618705037,0.0028776978417266188,0.033093525179856115,0.0,0.0,0.007194244604316547,0.010071942446043165,0.004316546762589928,0.008633093525179856,0.0057553956834532375,0.004316546762589928,0.0,0.0014388489208633094,0.0,0.0,0.0014388489208633094,0.0,0.0,0.02302158273381295,0.0014388489208633094,0.0,0.0,0.0,0.010071942446043165,0.012949640287769784,0.04748201438848921,0.0028776978417266188,0.0,0.0014388489208633094,0.0014388489208633094,0.0014388489208633094,0.0028776978417266188,0.0,0.0014388489208633094,0.0028776978417266188,0.0014388489208633094,0.0057553956834532375,0.058992805755395686,0.0776978417266187,0.0,0.004316546762589928,0.23884892086330936,0.0,0.010071942446043165,0.031654676258992806,0.004316546762589928,0.004316546762589928,0.0028776978417266188,0.0,0.010071942446043165,0.02877697841726619,0.0057553956834532375,0.02014388489208633,0.0618705035971223,0.017266187050359712
1015,취미활동,0.011940298507462687,0.023880597014925373,0.0029850746268656717,0.13432835820895522,0.005970149253731343,0.06567164179104477,0.0,0.005970149253731343,0.04477611940298507,0.050746268656716415,0.005970149253731343,0.011940298507462687,0.0029850746268656717,0.008955223880597015,0.008955223880597015,0.0029850746268656717,0.0029850746268656717,0.0,0.0,0.0,0.0,0.005970149253731343,0.0,0.0,0.0,0.0,0.0029850746268656717,0.0,0.0955223880597015,0.0,0.0,0.0,0.0,0.0,0.0029850746268656717,0.0,0.0,0.0,0.0,0.0,0.0029850746268656717,0.0,0.0029850746268656717,0.0029850746268656717,0.14626865671641792,0.0,0.0,0.029850746268656716,0.008955223880597015,0.020895522388059702,0.005970149253731343,0.0,0.005970149253731343,0.0,0.0029850746268656717,0.03880597014925373,0.23283582089552238,0.0
1016,일상활동,0.1136,0.0672,0.0,0.0016,0.0,0.072,0.0032,0.0,0.0304,0.032,0.0208,0.0,0.008,0.0048,0.0,0.0,0.0,0.0,0.0,0.0,0.0,0.0,0.0,0.0016,0.0,0.0,0.0032,0.0192,0.0928,0.0,0.0,0.0,0.0,0.0,0.0016,0.0016,0.0,0.0016,0.0304,0.0096,0.1488,0.0,0.0016,0.0,0.0016,0.0,0.0,0.104,0.0096,0.0224,0.0,0.0,0.0144,0.0976,0.0096,0.0,0.0688,0.0064
1018,실내활동,0.16846652267818574,0.011879049676025918,0.011879049676025918,0.0,0.0,0.13498920086393087,0.0,0.04859611231101512,0.10583153347732181,0.11339092872570194,0.0,0.0,0.038876889848812095,0.0,0.0,0.0,0.0,0.0,0.0,0.0,0.0,0.0,0.0,0.0,0.0,0.0,0.0010799136069114472,0.0,0.14578833693304535,0.0,0.0,0.0,0.0,0.0,0.0,0.0,0.0,0.0,0.004319654427645789,0.0,0.0,0.0,0.0,0.0,0.0,0.0,0.0,0.0064794816414686825,0.0010799136069114472,0.0,0.0,0.0,0.0,0.0010799136069114472,0.0,0.15226781857451405,0.05399568034557235,0.0
1019,야외활동,0.17857142857142858,0.0,0.0,0.12142857142857143,0.0035714285714285713,0.05,0.0,0.0,0.0035714285714285713,0.0035714285714285713,0.0,0.0,0.03214285714285714,0.0,0.0,0.010714285714285714,0.0,0.0,0.0,0.0,0.0,0.0,0.0,0.017857142857142856,0.0,0.0,0.0,0.0,0.05357142857142857,0.014285714285714285,0.0,0.007142857142857143,0.0,0.0,0.0,0.0035714285714285713,0.0,0.0,0.0,0.0,0.03571428571428571,0.05,0.0,0.0035714285714285713,0.14642857142857144,0.0,0.014285714285714285,0.0,0.0035714285714285713,0.10357142857142858,0.0035714285714285713,0.0,0.0,0.02857142857142857,0.0,0.0,0.10714285714285714,0.0035714285714285713
1020,야외활동,0.003669724770642202,0.062385321100917435,0.0,0.20550458715596331,0.001834862385321101,0.03853211009174312,0.0,0.0,0.001834862385321101,0.003669724770642202,0.022018348623853212,0.0,0.001834862385321101,0.001834862385321101,0.0,0.005504587155963303,0.0,0.001834862385321101,0.0,0.0,0.0,0.022018348623853212,0.005504587155963303,0.005504587155963303,0.001834862385321101,0.0,0.02018348623853211,0.005504587155963303,0.044036697247706424,0.0,0.0,0.0,0.0,0.0,0.0,0.0,0.0,0.003669724770642202,0.0,0.005504587155963303,0.0,0.0,0.0,0.0,0.21100917431192662,0.0,0.0,0.12293577981651377,0.003669724770642202,0.011009174311926606,0.0,0.0,0.01651376146788991,0.05871559633027523,0.014678899082568808,0.0,0.09724770642201835,0.0
1021,실내활동,0.1308016877637131,0.0379746835443038,0.0,0.06610407876230662,0.0014064697609001407,0.03375527426160337,0.0,0.004219409282700422,0.008438818565400843,0.011251758087201125,0.012658227848101266,0.180028129395218,0.012658227848101266,0.0028129395218002813,0.0014064697609001407,0.0,0.0014064697609001407,0.0,0.0014064697609001407,0.0,0.0,0.0,0.0,0.0028129395218002813,0.0,0.0,0.004219409282700422,0.012658227848101266,0.04781997187060478,0.0,0.0,0.0,0.0,0.0,0.0,0.0,0.0,0.0028129395218002813,0.01969057665260197,0.0028129395218002813,0.009845288326300985,0.007032348804500703,0.0,0.0014064697609001407,0.07032348804500703,0.0,0.0,0.06751054852320675,0.007032348804500703,0.011251758087201125,0.0,0.0,0.011251758087201125,0.04360056258790436,0.0028129395218002813,0.052039381153305204,0.07876230661040788,0.0379746835443038
1022,야외활동,0.11348684210526316,0.019736842105263157,0.03125,0.07730263157894737,0.001644736842105263,0.05921052631578947,0.0,0.0,0.008223684210526315,0.009868421052631578,0.001644736842105263,0.003289473684210526,0.008223684210526315,0.003289473684210526,0.001644736842105263,0.003289473684210526,0.001644736842105263,0.0,0.003289473684210526,0.0,0.0,0.0,0.0,0.011513157894736841,0.0,0.0,0.003289473684210526,0.011513157894736841,0.06743421052631579,0.006578947368421052,0.0,0.001644736842105263,0.0,0.001644736842105263,0.003289473684210526,0.003289473684210526,0.0,0.0,0.014802631578947368,0.0,0.1611842105263158,0.024671052631578948,0.0,0.0,0.08881578947368421,0.003289473684210526,0.013157894736842105,0.018092105263157895,0.004934210526315789,0.004934210526315789,0.0,0.006578947368421052,0.004934210526315789,0.07072368421052631,0.009868421052631578,0.0,0.10197368421052631,0.014802631578947368
1026,실내활동,0.2222222222222222,0.037037037037037035,0.019943019943019943,0.06267806267806268,0.0,0.05413105413105413,0.0,0.002849002849002849,0.022792022792022793,0.02849002849002849,0.002849002849002849,0.0,0.014245014245014245,0.011396011396011397,0.0,0.0,0.0,0.0,0.0,0.0,0.0,0.0,0.0,0.0,0.0,0.0,0.011396011396011397,0.02564102564102564,0.07977207977207977,0.0,0.0,0.0,0.0,0.0,0.0,0.0,0.0,0.002849002849002849,0.02849002849002849,0.0,0.0,0.0,0.005698005698005698,0.0,0.06267806267806268,0.0,0.0,0.05698005698005698,0.008547008547008548,0.002849002849002849,0.0,0.0,0.011396011396011397,0.11965811965811966,0.005698005698005698,0.005698005698005698,0.06837606837606838,0.02564102564102564
1027,취미활동,0.0,0.0,0.0,0.0,0.0,0.09134615384615384,0.0,0.0,0.028846153846153848,0.04326923076923077,0.0,0.019230769230769232,0.0,0.014423076923076924,0.019230769230769232,0.0,0.019230769230769232,0.004807692307692308,0.02403846153846154,0.02403846153846154,0.014423076923076924,0.0,0.0,0.0,0.0,0.0,0.0,0.0,0.14423076923076922,0.009615384615384616,0.014423076923076924,0.004807692307692308,0.03365384615384615,0.028846153846153848,0.02403846153846154,0.009615384615384616,0.019230769230769232,0.0,0.0,0.0,0.14903846153846154,0.0,0.0,0.0,0.0,0.009615384615384616,0.0,0.0,0.009615384615384616,0.0,0.0,0.0,0.0,0.0,0.0,0.0,0.2403846153846154,0.0
1028,실내활동,0.19293478260869565,0.03260869565217391,0.002717391304347826,0.016304347826086956,0.0,0.10326086956521739,0.0,0.0,0.059782608695652176,0.0625,0.008152173913043478,0.002717391304347826,0.08152173913043478,0.016304347826086956,0.03260869565217391,0.002717391304347826,0.008152173913043478,0.002717391304347826,0.0,0.0,0.0,0.0,0.0,0.008152173913043478,0.0,0.0,0.0,0.0,0.1358695652173913,0.002717391304347826,0.002717391304347826,0.005434782608695652,0.002717391304347826,0.0,0.043478260869565216,0.0,0.002717391304347826,0.0,0.03260869565217391,0.0,0.010869565217391304,0.0,0.0,0.0,0.016304347826086956,0.002717391304347826,0.0,0.051630434782608696,0.010869565217391304,0.0,0.0,0.0,0.008152173913043478,0.0,0.010869565217391304,0.0,0.02717391304347826,0.0
1029,취미활동,0.0,0.0,0.0,0.03804347826086957,0.0,0.07065217391304347,0.0,0.0,0.021739130434782608,0.03260869565217391,0.0,0.0,0.0,0.010869565217391304,0.0,0.0,0.0,0.0,0.0,0.0,0.0,0.0,0.0,0.0,0.0,0.0,0.0,0.0,0.11413043478260869,0.0,0.0,0.0,0.0,0.0,0.0,0.0,0.0,0.0,0.0,0.0,0.2554347826086957,0.07608695652173914,0.0,0.0,0.07065217391304347,0.0,0.016304347826086956,0.0,0.0,0.0,0.0,0.0,0.0,0.0,0.0,0.0,0.29347826086956524,0.0
1030,야외활동,0.10471204188481675,0.031413612565445025,0.020942408376963352,0.16753926701570682,0.0,0.04712041884816754,0.0,0.0,0.010471204188481676,0.020942408376963352,0.0,0.015706806282722512,0.015706806282722512,0.005235602094240838,0.010471204188481676,0.015706806282722512,0.0,0.0,0.005235602094240838,0.0,0.0,0.02617801047120419,0.005235602094240838,0.0,0.0,0.0,0.005235602094240838,0.0,0.07329842931937172,0.005235602094240838,0.005235602094240838,0.010471204188481676,0.0,0.0,0.010471204188481676,0.0,0.0,0.0,0.010471204188481676,0.0,0.0,0.015706806282722512,0.0,0.0,0.18324607329842932,0.0,0.0,0.015706806282722512,0.010471204188481676,0.0,0.0,0.0,0.010471204188481676,0.0,0.005235602094240838,0.020942408376963352,0.11518324607329843,0.0
1032,야외활동,0.09917355371900827,0.05194805194805195,0.012987012987012988,0.0590318772136954,0.0023612750885478157,0.04132231404958678,0.0,0.0023612750885478157,0.004722550177095631,0.0059031877213695395,0.010625737898465172,0.0,0.0023612750885478157,0.0,0.004722550177095631,0.0,0.0,0.0,0.0,0.0,0.0,0.0,0.0,0.0,0.0,0.0011806375442739079,0.0059031877213695395,0.0011806375442739079,0.04604486422668241,0.0,0.0011806375442739079,0.0,0.0,0.0,0.0,0.0,0.0,0.0011806375442739079,0.03423848878394333,0.0,0.1381345926800472,0.03659976387249114,0.0011806375442739079,0.004722550177095631,0.09090909090909091,0.0,0.004722550177095631,0.06847697756788666,0.004722550177095631,0.02715466351829988,0.0023612750885478157,0.0035419126328217238,0.0,0.03541912632821724,0.0035419126328217238,0.12396694214876033,0.024793388429752067,0.04132231404958678
1033,실내활동,0.1761904761904762,0.05119047619047619,0.0035714285714285713,0.030952380952380953,0.0,0.075,0.0,0.0011904761904761906,0.014285714285714285,0.014285714285714285,0.02857142857142857,0.005952380952380952,0.01904761904761905,0.005952380952380952,0.0,0.0011904761904761906,0.0,0.0,0.0,0.0,0.0,0.04642857142857143,0.004761904761904762,0.009523809523809525,0.0,0.0,0.01904761904761905,0.0,0.0869047619047619,0.004761904761904762,0.0,0.0011904761904761906,0.0,0.0,0.0,0.0,0.0,0.008333333333333333,0.02976190476190476,0.0,0.09047619047619047,0.009523809523809525,0.0,0.0,0.0380952380952381,0.0,0.0011904761904761906,0.08452380952380953,0.0035714285714285713,0.0,0.0,0.0,0.02142857142857143,0.0,0.013095238095238096,0.004761904761904762,0.07380952380952381,0.02142857142857143
1036,일상활동,0.0,0.0,0.0,0.0,0.0,0.0,0.0,0.0,0.0,0.09523809523809523,0.0,0.0,0.0,0.0,0.047619047619047616,0.047619047619047616,0.09523809523809523,0.0,0.0,0.047619047619047616,0.0,0.0,0.0,0.0,0.0,0.0,0.0,0.0,0.14285714285714285,0.047619047619047616,0.0,0.0,0.0,0.09523809523809523,0.047619047619047616,0.047619047619047616,0.047619047619047616,0.0,0.0,0.0,0.0,0.0,0.0,0.0,0.0,0.23809523809523808,0.0,0.0,0.0,0.0,0.0,0.0,0.0,0.0,0.0,0.0,0.0,0.0
1037,취미활동,0.14814814814814814,0.0,0.0,0.0,0.018518518518518517,0.07407407407407407,0.0,0.0,0.05555555555555555,0.07407407407407407,0.0,0.018518518518518517,0.037037037037037035,0.0,0.0,0.037037037037037035,0.0,0.0,0.0,0.0,0.0,0.0,0.0,0.0,0.0,0.0,0.018518518518518517,0.0,0.07407407407407407,0.0,0.0,0.07407407407407407,0.018518518518518517,0.0,0.0,0.0,0.0,0.0,0.0,0.0,0.0,0.0,0.0,0.0,0.037037037037037035,0.018518518518518517,0.0,0.018518518518518517,0.0,0.07407407407407407,0.0,0.0,0.0,0.0,0.0,0.0,0.2037037037037037,0.0
1040,실내활동,0.18542199488491048,0.06649616368286446,0.08823529411764706,0.03836317135549872,0.0,0.01918158567774936,0.0,0.0,0.0012787723785166241,0.0012787723785166241,0.01278772378516624,0.0012787723785166241,0.00639386189258312,0.0,0.0,0.0025575447570332483,0.0,0.0,0.0,0.0,0.0,0.0,0.0,0.008951406649616368,0.0,0.015345268542199489,0.0038363171355498722,0.020460358056265986,0.01918158567774936,0.0038363171355498722,0.0,0.0,0.0,0.0,0.0,0.0,0.0012787723785166241,0.0012787723785166241,0.021739130434782608,0.011508951406649617,0.05754475703324808,0.05370843989769821,0.0,0.0,0.0907928388746803,0.0,0.0,0.03836317135549872,0.0,0.02557544757033248,0.0,0.014066496163682864,0.00639386189258312,0.0907928388746803,0.00639386189258312,0.005115089514066497,0.015345268542199489,0.06521739130434782
1042,실내활동,0.3031496062992126,0.012795275590551181,0.010826771653543307,0.03051181102362205,0.000984251968503937,0.025590551181102362,0.0,0.0,0.006889763779527559,0.006889763779527559,0.0,0.001968503937007874,0.00984251968503937,0.0,0.0,0.0,0.0,0.0,0.0,0.0,0.0,0.0,0.0,0.014763779527559055,0.0,0.0,0.000984251968503937,0.010826771653543307,0.027559055118110236,0.000984251968503937,0.0,0.0,0.0,0.0,0.0,0.0,0.0,0.0,0.006889763779527559,0.005905511811023622,0.04133858267716536,0.0,0.0,0.0,0.03051181102362205,0.0,0.0,0.006889763779527559,0.001968503937007874,0.07480314960629922,0.0,0.0,0.000984251968503937,0.2785433070866142,0.000984251968503937,0.0,0.08070866141732283,0.005905511811023622
1043,취미활동,0.020833333333333332,0.0375,0.025,0.05416666666666667,0.0,0.1125,0.0,0.0,0.0125,0.03333333333333333,0.016666666666666666,0.0,0.020833333333333332,0.0125,0.0,0.0,0.0,0.0,0.0,0.0,0.0,0.0,0.0,0.025,0.008333333333333333,0.004166666666666667,0.008333333333333333,0.0,0.16666666666666666,0.0,0.0,0.0,0.0,0.0,0.0,0.0,0.0,0.008333333333333333,0.0,0.0,0.0,0.0,0.0,0.0,0.05416666666666667,0.0,0.0,0.0875,0.016666666666666666,0.0,0.0,0.0,0.016666666666666666,0.0125,0.0125,0.0125,0.19583333333333333,0.025
1046,일상활동,0.0,0.02564102564102564,0.01282051282051282,0.0,0.0,0.10256410256410256,0.0,0.0,0.0641025641025641,0.07692307692307693,0.0,0.0,0.0,0.0,0.0,0.02564102564102564,0.0,0.0,0.01282051282051282,0.0,0.0,0.0,0.0,0.0,0.0,0.01282051282051282,0.0,0.01282051282051282,0.1282051282051282,0.01282051282051282,0.0,0.01282051282051282,0.0,0.0,0.0,0.0,0.0,0.0,0.0,0.0,0.0,0.0,0.0,0.0,0.0,0.01282051282051282,0.0,0.02564102564102564,0.01282051282051282,0.02564102564102564,0.0,0.0,0.0,0.24358974358974358,0.0,0.0,0.08974358974358974,0.08974358974358974
1047,취미활동,0.0,0.0,0.0,0.0,0.0,0.25,0.0,0.0,0.0,0.08333333333333333,0.0,0.08333333333333333,0.0,0.0,0.0,0.0,0.0,0.0,0.0,0.0,0.0,0.0,0.0,0.0,0.0,0.0,0.0,0.0,0.3333333333333333,0.0,0.0,0.0,0.0,0.0,0.0,0.0,0.0,0.0,0.0,0.0,0.0,0.0,0.0,0.0,0.0,0.0,0.0,0.0,0.0,0.0,0.0,0.0,0.0,0.0,0.0,0.0,0.25,0.0
1048,일상활동,0.08333333333333333,0.020833333333333332,0.001736111111111111,0.010416666666666666,0.0,0.03993055555555555,0.0,0.0,0.024305555555555556,0.03298611111111111,0.07118055555555555,0.015625,0.003472222222222222,0.003472222222222222,0.001736111111111111,0.012152777777777778,0.001736111111111111,0.001736111111111111,0.0,0.0,0.0,0.0,0.0,0.0,0.0,0.0,0.017361111111111112,0.08159722222222222,0.0642361111111111,0.005208333333333333,0.0,0.010416666666666666,0.001736111111111111,0.0,0.0,0.0,0.001736111111111111,0.008680555555555556,0.057291666666666664,0.006944444444444444,0.0,0.0,0.008680555555555556,0.0,0.019097222222222224,0.0,0.0,0.1388888888888889,0.003472222222222222,0.008680555555555556,0.0,0.0,0.017361111111111112,0.10416666666666667,0.015625,0.015625,0.08159722222222222,0.006944444444444444
1050,야외활동,0.046875,0.0,0.0,0.1875,0.0,0.046875,0.0,0.0,0.0,0.0,0.0,0.0,0.0,0.0,0.0,0.0,0.0,0.0,0.0,0.0,0.0,0.0,0.0,0.03125,0.0,0.0,0.0,0.0,0.0625,0.0,0.0,0.0,0.0,0.0,0.0,0.0,0.0,0.0,0.0,0.0,0.21875,0.125,0.0,0.0,0.1875,0.0,0.046875,0.0,0.015625,0.0,0.0,0.0,0.0,0.0,0.0,0.0,0.03125,0.0
1052,실내활동,0.16336633663366337,0.054455445544554455,0.04702970297029703,0.08168316831683169,0.0,0.054455445544554455,0.0,0.0,0.0,0.0,0.007425742574257425,0.007425742574257425,0.007425742574257425,0.0,0.0024752475247524753,0.0,0.012376237623762377,0.0049504950495049506,0.0,0.0,0.007425742574257425,0.0,0.0,0.0,0.0,0.0,0.01485148514851485,0.0,0.06683168316831684,0.0,0.0,0.0,0.0,0.0,0.0049504950495049506,0.0,0.007425742574257425,0.0,0.019801980198019802,0.012376237623762377,0.012376237623762377,0.039603960396039604,0.0024752475247524753,0.0,0.10891089108910891,0.0049504950495049506,0.0049504950495049506,0.054455445544554455,0.012376237623762377,0.01485148514851485,0.0,0.0,0.01485148514851485,0.0,0.007425742574257425,0.019801980198019802,0.12128712871287128,0.0049504950495049506
1053,일상활동,0.06212424849699399,0.026052104208416832,0.006012024048096192,0.05410821643286573,0.002004008016032064,0.06412825651302605,0.0,0.0,0.02404809619238477,0.028056112224448898,0.022044088176352707,0.026052104208416832,0.018036072144288578,0.006012024048096192,0.0,0.0,0.002004008016032064,0.0,0.0,0.0,0.0,0.050100200400801605,0.01603206412825651,0.014028056112224449,0.0,0.0,0.01603206412825651,0.04208416833667335,0.08016032064128256,0.0,0.0,0.0,0.0,0.0,0.0,0.004008016032064128,0.002004008016032064,0.012024048096192385,0.01002004008016032,0.002004008016032064,0.0,0.0,0.004008016032064128,0.0,0.06212424849699399,0.0,0.0,0.05811623246492986,0.01002004008016032,0.008016032064128256,0.002004008016032064,0.0,0.018036072144288578,0.09218436873747494,0.008016032064128256,0.004008016032064128,0.11823647294589178,0.026052104208416832
1054,야외활동,0.11089866156787763,0.02676864244741874,0.009560229445506692,0.13193116634799235,0.0019120458891013384,0.0497131931166348,0.0,0.0,0.0057361376673040155,0.015296367112810707,0.015296367112810707,0.0019120458891013384,0.0,0.0019120458891013384,0.0038240917782026767,0.0019120458891013384,0.0,0.0,0.0019120458891013384,0.0,0.0,0.0038240917782026767,0.0019120458891013384,0.0,0.0,0.0,0.017208413001912046,0.028680688336520075,0.06883365200764818,0.0,0.0,0.0019120458891013384,0.0038240917782026767,0.0,0.0019120458891013384,0.0,0.0,0.0019120458891013384,0.021032504780114723,0.0,0.0,0.0,0.0019120458891013384,0.0,0.13193116634799235,0.0,0.0,0.06118546845124283,0.0038240917782026767,0.0038240917782026767,0.0,0.0,0.009560229445506692,0.11663479923518165,0.0076481835564053535,0.0,0.1338432122370937,0.0
1055,실내활동,0.16108108108108107,0.03567567567567568,0.032432432432432434,0.11891891891891893,0.005405405405405406,0.03891891891891892,0.001081081081081081,0.001081081081081081,0.0075675675675675675,0.010810810810810811,0.03135135135135135,0.001081081081081081,0.012972972972972972,0.005405405405405406,0.001081081081081081,0.0,0.0,0.0,0.0,0.0,0.0,0.0,0.0,0.008648648648648649,0.0,0.0,0.008648648648648649,0.003243243243243243,0.055135135135135134,0.001081081081081081,0.0,0.001081081081081081,0.001081081081081081,0.0,0.0,0.001081081081081081,0.0,0.005405405405405406,0.04864864864864865,0.0,0.0,0.0,0.001081081081081081,0.004324324324324324,0.12324324324324325,0.0,0.0,0.09837837837837837,0.008648648648648649,0.005405405405405406,0.0,0.006486486486486486,0.015135135135135135,0.005405405405405406,0.008648648648648649,0.024864864864864864,0.08648648648648649,0.012972972972972972
1057,실내활동,0.1473053892215569,0.037125748502994015,0.029940119760479042,0.0,0.0,0.04431137724550898,0.0,0.0,0.0023952095808383233,0.0023952095808383233,0.05149700598802395,0.0011976047904191617,0.003592814371257485,0.0023952095808383233,0.0,0.0,0.0,0.0,0.0,0.0,0.0,0.004790419161676647,0.003592814371257485,0.0,0.0023952095808383233,0.011976047904191617,0.015568862275449102,0.01437125748502994,0.05029940119760479,0.0,0.0,0.0011976047904191617,0.0,0.0,0.0,0.0,0.0,0.0011976047904191617,0.06347305389221557,0.0,0.07664670658682635,0.0,0.0023952095808383233,0.0,0.0,0.0,0.0,0.11736526946107785,0.003592814371257485,0.0,0.0,0.009580838323353293,0.022754491017964073,0.041916167664670656,0.013173652694610778,0.029940119760479042,0.07904191616766468,0.1125748502994012
1059,실내활동,0.14487632508833923,0.028268551236749116,0.0,0.04946996466431095,0.0,0.0812720848056537,0.0,0.0035335689045936395,0.0,0.0,0.01060070671378092,0.04946996466431095,0.0176678445229682,0.0035335689045936395,0.0,0.0,0.0,0.0,0.0035335689045936395,0.0,0.0,0.06007067137809187,0.014134275618374558,0.0,0.0,0.007067137809187279,0.014134275618374558,0.014134275618374558,0.08833922261484099,0.0,0.0,0.0035335689045936395,0.0,0.0,0.0,0.0,0.0,0.0,0.045936395759717315,0.0,0.02120141342756184,0.0035335689045936395,0.0,0.0035335689045936395,0.053003533568904596,0.0035335689045936395,0.0,0.028268551236749116,0.0035335689045936395,0.0,0.0,0.0,0.014134275618374558,0.07420494699646643,0.014134275618374558,0.007067137809187279,0.0989399293286219,0.0353356890459364
1061,실내활동,0.2825112107623318,0.07174887892376682,0.008968609865470852,0.02242152466367713,0.008968609865470852,0.04035874439461883,0.0,0.0,0.004484304932735426,0.008968609865470852,0.0,0.004484304932735426,0.02242152466367713,0.008968609865470852,0.0,0.0,0.0,0.0,0.0,0.0,0.0,0.053811659192825115,0.013452914798206279,0.008968609865470852,0.0,0.0,0.008968609865470852,0.0,0.04932735426008968,0.0,0.0,0.0,0.0,0.0,0.004484304932735426,0.0,0.0,0.0,0.05829596412556054,0.004484304932735426,0.013452914798206279,0.02242152466367713,0.0,0.0,0.03587443946188341,0.0,0.0,0.026905829596412557,0.0,0.03587443946188341,0.0,0.004484304932735426,0.0,0.0,0.0,0.04484304932735426,0.07174887892376682,0.05829596412556054
1062,실내활동,0.13136729222520108,0.058981233243967826,0.0,0.013404825737265416,0.0,0.02680965147453083,0.0,0.0,0.013404825737265416,0.0160857908847185,0.064343163538874,0.0,0.005361930294906166,0.0,0.0,0.0,0.0,0.0,0.0,0.0,0.0,0.04289544235924933,0.01876675603217158,0.005361930294906166,0.002680965147453083,0.010723860589812333,0.00804289544235925,0.02680965147453083,0.02680965147453083,0.0,0.0,0.0,0.0,0.0,0.0,0.0,0.0,0.013404825737265416,0.07506702412868632,0.002680965147453083,0.03485254691689008,0.002680965147453083,0.0,0.0,0.02680965147453083,0.0,0.0,0.12332439678284182,0.0,0.010723860589812333,0.0,0.0,0.005361930294906166,0.040214477211796246,0.00804289544235925,0.04289544235924933,0.058981233243967826,0.08310991957104558
30016,실내활동,0.1101871101871102,0.04781704781704782,0.016632016632016633,0.06652806652806653,0.004158004158004158,0.06860706860706861,0.0,0.002079002079002079,0.02702702702702703,0.033264033264033266,0.0395010395010395,0.0,0.008316008316008316,0.006237006237006237,0.0,0.0,0.0,0.0,0.0,0.0,0.0,0.0,0.0,0.002079002079002079,0.0,0.0,0.008316008316008316,0.0,0.09771309771309772,0.0,0.0,0.0,0.0,0.0,0.0,0.0,0.0,0.006237006237006237,0.0395010395010395,0.0,0.056133056133056136,0.0,0.0,0.0,0.06652806652806653,0.0,0.0,0.08523908523908524,0.010395010395010396,0.016632016632016633,0.0,0.006237006237006237,0.004158004158004158,0.0,0.010395010395010396,0.006237006237006237,0.12681912681912683,0.02702702702702703
30035,실내활동,0.17164179104477612,0.007462686567164179,0.0,0.05970149253731343,0.022388059701492536,0.07462686567164178,0.0,0.0,0.03731343283582089,0.05223880597014925,0.007462686567164179,0.007462686567164179,0.029850746268656716,0.0,0.029850746268656716,0.0,0.0,0.0,0.0,0.007462686567164179,0.0,0.0,0.0,0.007462686567164179,0.0,0.0,0.014925373134328358,0.0,0.12686567164179105,0.0,0.0,0.0,0.0,0.0,0.0,0.0,0.0,0.007462686567164179,0.022388059701492536,0.0,0.0,0.0,0.0,0.0,0.08955223880597014,0.0,0.0,0.03731343283582089,0.0,0.05223880597014925,0.0,0.0,0.0,0.0,0.007462686567164179,0.007462686567164179,0.11194029850746269,0.007462686567164179
30038,실내활동,0.18076923076923077,0.08461538461538462,0.04807692307692308,0.06346153846153846,0.0,0.023076923076923078,0.0,0.0,0.0,0.0,0.03653846153846154,0.0019230769230769232,0.0038461538461538464,0.0,0.0019230769230769232,0.007692307692307693,0.0,0.0,0.0,0.0019230769230769232,0.0019230769230769232,0.0,0.0,0.026923076923076925,0.0,0.0019230769230769232,0.0038461538461538464,0.0,0.023076923076923078,0.01730769230769231,0.0038461538461538464,0.011538461538461539,0.0,0.0,0.0019230769230769232,0.0,0.0,0.0,0.023076923076923078,0.0038461538461538464,0.03461538461538462,0.026923076923076925,0.0,0.0,0.08461538461538462,0.0019230769230769232,0.0038461538461538464,0.10961538461538461,0.0,0.03076923076923077,0.0,0.009615384615384616,0.013461538461538462,0.0,0.0057692307692307696,0.03076923076923077,0.03461538461538462,0.04038461538461539
30039,실내활동,0.21541501976284586,0.06324110671936758,0.005928853754940711,0.0,0.0,0.04940711462450593,0.0,0.0,0.029644268774703556,0.029644268774703556,0.007905138339920948,0.0,0.009881422924901186,0.005928853754940711,0.0,0.007905138339920948,0.0,0.0,0.001976284584980237,0.0,0.0,0.12055335968379446,0.03359683794466403,0.0,0.0,0.0,0.03359683794466403,0.0,0.05731225296442688,0.011857707509881422,0.0,0.007905138339920948,0.0,0.0,0.001976284584980237,0.0,0.001976284584980237,0.015810276679841896,0.06521739130434782,0.001976284584980237,0.019762845849802372,0.0,0.0,0.0,0.0,0.0,0.0,0.037549407114624504,0.001976284584980237,0.007905138339920948,0.0,0.001976284584980237,0.021739130434782608,0.0,0.015810276679841896,0.005928853754940711,0.06719367588932806,0.041501976284584984
30040,일상활동,0.09082733812949641,0.0539568345323741,0.0,0.03507194244604316,0.0,0.01618705035971223,0.0,0.0017985611510791368,0.0035971223021582736,0.0044964028776978415,0.0539568345323741,0.0035971223021582736,0.0008992805755395684,0.0,0.0017985611510791368,0.024280575539568347,0.0017985611510791368,0.0,0.0008992805755395684,0.0035971223021582736,0.0017985611510791368,0.06654676258992806,0.009892086330935251,0.0017985611510791368,0.0,0.0,0.01079136690647482,0.01079136690647482,0.01618705035971223,0.02787769784172662,0.0017985611510791368,0.02787769784172662,0.0008992805755395684,0.0017985611510791368,0.0008992805755395684,0.0,0.0017985611510791368,0.0044964028776978415,0.025179856115107913,0.02697841726618705,0.013489208633093525,0.0035971223021582736,0.0,0.0008992805755395684,0.03866906474820144,0.0044964028776978415,0.0017985611510791368,0.10971223021582734,0.0,0.051258992805755396,0.0,0.0,0.017985611510791366,0.03866906474820144,0.012589928057553957,0.1366906474820144,0.019784172661870502,0.01618705035971223
30041,실내활동,0.30248306997742663,0.10609480812641084,0.03611738148984198,0.0,0.002257336343115124,0.01805869074492099,0.0,0.0,0.002257336343115124,0.004514672686230248,0.024830699774266364,0.004514672686230248,0.006772009029345372,0.0,0.0,0.004514672686230248,0.0,0.0,0.0,0.0,0.0,0.006772009029345372,0.0,0.0,0.0,0.002257336343115124,0.0,0.0,0.024830699774266364,0.002257336343115124,0.002257336343115124,0.004514672686230248,0.0,0.0,0.0,0.0,0.002257336343115124,0.0,0.0654627539503386,0.002257336343115124,0.0,0.0,0.0,0.0,0.002257336343115124,0.0,0.0,0.13318284424379231,0.0,0.05417607223476298,0.0,0.002257336343115124,0.01805869074492099,0.0,0.004514672686230248,0.024830699774266364,0.011286681715575621,0.12415349887133183
30045,일상활동,0.0030721966205837174,0.16129032258064516,0.004608294930875576,0.016897081413210446,0.0,0.021505376344086023,0.0,0.0,0.007680491551459293,0.007680491551459293,0.09216589861751152,0.0030721966205837174,0.0,0.0030721966205837174,0.0,0.004608294930875576,0.0015360983102918587,0.0,0.0,0.0,0.0,0.0,0.0,0.0,0.0,0.0,0.018433179723502304,0.055299539170506916,0.027649769585253458,0.0030721966205837174,0.0015360983102918587,0.006144393241167435,0.0,0.0,0.0,0.0,0.0,0.007680491551459293,0.0,0.0015360983102918587,0.0,0.0,0.0,0.0,0.021505376344086023,0.0,0.0,0.24270353302611367,0.0015360983102918587,0.0015360983102918587,0.0,0.0,0.030721966205837174,0.1336405529953917,0.016897081413210446,0.0015360983102918587,0.10138248847926268,0.0
30046,실내활동,0.12837285363859363,0.02125919869174162,0.004088307440719542,0.007358953393295176,0.0,0.0686835650040883,0.0,0.0,0.02698282910874898,0.02698282910874898,0.038430089942763694,0.007358953393295176,0.041700735895339326,0.004905968928863451,0.0024529844644317253,0.0,0.0008176614881439084,0.0008176614881439084,0.004088307440719542,0.005723630417007359,0.0,0.027800490596892886,0.017988552739165987,0.025347506132461162,0.0,0.0,0.017170891251022075,0.04006541291905151,0.0874897792313982,0.0008176614881439084,0.0008176614881439084,0.0,0.0,0.0008176614881439084,0.013900245298446443,0.0,0.004088307440719542,0.003270645952575634,0.02616516762060507,0.008176614881439084,0.022076860179885527,0.009811937857726901,0.001635322976287817,0.0024529844644317253,0.01553556827473426,0.006541291905151268,0.0024529844644317253,0.06214227309893704,0.011447260834014717,0.009811937857726901,0.0,0.005723630417007359,0.012264922322158627,0.11447260834014718,0.009811937857726901,0.0,0.02698282910874898,0.022894521668029435
30048,야외활동,0.09006211180124224,0.024844720496894408,0.003105590062111801,0.08229813664596274,0.0,0.03260869565217391,0.0,0.0,0.006211180124223602,0.007763975155279503,0.0,0.009316770186335404,0.012422360248447204,0.003105590062111801,0.023291925465838508,0.003105590062111801,0.003105590062111801,0.0,0.0,0.0,0.0015527950310559005,0.046583850931677016,0.013975155279503106,0.003105590062111801,0.0,0.0,0.0,0.024844720496894408,0.04192546583850932,0.0,0.0,0.0,0.0,0.0,0.003105590062111801,0.0015527950310559005,0.0,0.004658385093167702,0.023291925465838508,0.0,0.09006211180124224,0.06366459627329192,0.0,0.0015527950310559005,0.12732919254658384,0.010869565217391304,0.0015527950310559005,0.0,0.004658385093167702,0.03571428571428571,0.004658385093167702,0.0,0.012422360248447204,0.08385093167701864,0.0015527950310559005,0.0,0.09627329192546584,0.0
30050,야외활동,0.03345070422535211,0.01056338028169014,0.01936619718309859,0.18485915492957747,0.0,0.035211267605633804,0.00528169014084507,0.0035211267605633804,0.01056338028169014,0.01232394366197183,0.0017605633802816902,0.0,0.0,0.007042253521126761,0.007042253521126761,0.0017605633802816902,0.0017605633802816902,0.0017605633802816902,0.00528169014084507,0.00528169014084507,0.0017605633802816902,0.014084507042253521,0.0,0.0,0.0,0.0,0.0,0.00528169014084507,0.058098591549295774,0.0017605633802816902,0.0,0.0017605633802816902,0.0,0.0035211267605633804,0.01056338028169014,0.007042253521126761,0.0017605633802816902,0.0,0.0035211267605633804,0.0017605633802816902,0.04401408450704225,0.017605633802816902,0.0,0.0017605633802816902,0.19718309859154928,0.014084507042253521,0.01584507042253521,0.022887323943661973,0.008802816901408451,0.01584507042253521,0.0,0.0035211267605633804,0.01584507042253521,0.045774647887323945,0.0017605633802816902,0.0035211267605633804,0.12852112676056338,0.00528169014084507
30053,야외활동,0.07102272727272728,0.019886363636363636,0.005681818181818182,0.13068181818181818,0.0,0.05113636363636364,0.0,0.0,0.005681818181818182,0.008522727272727272,0.019886363636363636,0.0,0.002840909090909091,0.005681818181818182,0.0,0.008522727272727272,0.0,0.0,0.0,0.0,0.0,0.005681818181818182,0.002840909090909091,0.008522727272727272,0.0,0.0,0.008522727272727272,0.028409090909090908,0.0625,0.005681818181818182,0.0,0.008522727272727272,0.002840909090909091,0.002840909090909091,0.0,0.0,0.002840909090909091,0.002840909090909091,0.014204545454545454,0.002840909090909091,0.019886363636363636,0.03409090909090909,0.002840909090909091,0.002840909090909091,0.16477272727272727,0.0,0.005681818181818182,0.05113636363636364,0.005681818181818182,0.019886363636363636,0.0,0.002840909090909091,0.0,0.05397727272727273,0.005681818181818182,0.008522727272727272,0.10795454545454546,0.02556818181818182
30055,야외활동,0.1611842105263158,0.009868421052631578,0.0,0.14144736842105263,0.003289473684210526,0.03618421052631579,0.0,0.0,0.009868421052631578,0.009868421052631578,0.0,0.003289473684210526,0.0,0.006578947368421052,0.0,0.009868421052631578,0.0,0.0,0.0,0.003289473684210526,0.0,0.019736842105263157,0.003289473684210526,0.01644736842105263,0.0,0.003289473684210526,0.003289473684210526,0.003289473684210526,0.046052631578947366,0.019736842105263157,0.003289473684210526,0.003289473684210526,0.0,0.0,0.0,0.0,0.0,0.0,0.003289473684210526,0.003289473684210526,0.0625,0.019736842105263157,0.0,0.0,0.1513157894736842,0.0,0.006578947368421052,0.01644736842105263,0.0,0.023026315789473683,0.0,0.0,0.0,0.03618421052631579,0.0,0.003289473684210526,0.09868421052631579,0.05921052631578947
30056,야외활동,0.0975103734439834,0.026970954356846474,0.0,0.13900414937759337,0.0,0.035269709543568464,0.0,0.0,0.01037344398340249,0.01037344398340249,0.006224066390041493,0.002074688796680498,0.014522821576763486,0.006224066390041493,0.0,0.002074688796680498,0.0,0.0,0.0,0.0,0.002074688796680498,0.004149377593360996,0.0,0.0,0.002074688796680498,0.002074688796680498,0.002074688796680498,0.006224066390041493,0.05186721991701245,0.0,0.0,0.0,0.0,0.0,0.002074688796680498,0.0,0.0,0.0,0.01867219917012448,0.0,0.029045643153526972,0.08506224066390042,0.0,0.004149377593360996,0.22199170124481327,0.0,0.006224066390041493,0.043568464730290454,0.006224066390041493,0.004149377593360996,0.006224066390041493,0.0,0.0,0.03319502074688797,0.0,0.002074688796680498,0.08091286307053942,0.035269709543568464
30058,취미활동,0.1717557251908397,0.009541984732824428,0.0057251908396946565,0.02480916030534351,0.0019083969465648854,0.08206106870229007,0.0019083969465648854,0.0,0.019083969465648856,0.02099236641221374,0.0,0.003816793893129771,0.05725190839694656,0.007633587786259542,0.0019083969465648854,0.0057251908396946565,0.0057251908396946565,0.003816793893129771,0.0057251908396946565,0.0019083969465648854,0.007633587786259542,0.019083969465648856,0.0,0.022900763358778626,0.0,0.0,0.003816793893129771,0.0,0.1049618320610687,0.0019083969465648854,0.0,0.003816793893129771,0.0019083969465648854,0.003816793893129771,0.0,0.0019083969465648854,0.009541984732824428,0.0,0.011450381679389313,0.003816793893129771,0.05534351145038168,0.009541984732824428,0.0,0.0,0.03244274809160305,0.0057251908396946565,0.0057251908396946565,0.0,0.009541984732824428,0.04580152671755725,0.0,0.0,0.003816793893129771,0.0,0.0057251908396946565,0.0057251908396946565,0.18129770992366412,0.011450381679389313
30063,야외활동,0.03836317135549872,0.024296675191815855,0.0,0.03836317135549872,0.0012787723785166241,0.034526854219948847,0.0,0.0,0.0025575447570332483,0.0076726342710997444,0.02557544757033248,0.0012787723785166241,0.005115089514066497,0.0025575447570332483,0.0,0.0,0.0,0.0,0.0,0.0,0.0,0.028132992327365727,0.0076726342710997444,0.0,0.0,0.0,0.0,0.017902813299232736,0.04219948849104859,0.0,0.0012787723785166241,0.0,0.0012787723785166241,0.0,0.0,0.0,0.0,0.0038363171355498722,0.008951406649616368,0.0038363171355498722,0.16112531969309463,0.14578005115089515,0.0,0.0,0.1585677749360614,0.0,0.03580562659846547,0.049872122762148335,0.0038363171355498722,0.0038363171355498722,0.0,0.0,0.014066496163682864,0.020460358056265986,0.0076726342710997444,0.0,0.10230179028132992,0.0